"Id";"Designator";"Package";"Quantity";"Designation";"Supplier and ref";
1;"J9";"PinHeader_2x13_P2.54mm_Vertical";1;"Male_02x13";;;
2;"R9,R16,R15,R11,R10,R17";"R_Axial_DIN0309_L9.0mm_D3.2mm_P12.70mm_Horizontal";6;"0.1";;;
3;"R8,R1,R2,R3,R4,R5,R6,R7";"R_Axial_DIN0309_L9.0mm_D3.2mm_P12.70mm_Horizontal";8;"10K";;;
4;"J7";"FanPinHeader_1x03_P2.54mm_Vertical";1;"Conn_01x03";;;
5;"R12";"R_Axial_DIN0309_L9.0mm_D3.2mm_P12.70mm_Horizontal";1;"4K7";;;
6;"R13";"R_Axial_DIN0309_L9.0mm_D3.2mm_P12.70mm_Horizontal";1;"10";;;
7;"R14";"R_Axial_DIN0309_L9.0mm_D3.2mm_P12.70mm_Horizontal";1;"2K2";;;
8;"Q7,Q2,Q3,Q4,Q5,Q8,Q6,Q1";"TO-220-3_Vertical";8;"BUK545-100";;;
9;"J1";"TerminalBlock_Altech_AK300-2_P5.00mm";1;"Screw_Terminal_01x02";;;
10;"J2";"TerminalBlock_Altech_AK300-4_P5.00mm";1;"Screw_Terminal_01x04";;;
