RefDes,Part Number,Value,Place,Description
,,,,
U4,CP2200,,YES,Silicon Labs Ethernet Controller
U8,DS1374C-33,,YES,"I2C, 32-Bit Binary Counter Watchdog RTC with Reset Input/Output and Crystal"
U3,LFXP2-8E-5T144C,,YES,"LatticeXP2 FPGA, flexiFLASH, 10 KBits Distributed RAM, 166 KBits EBR SRAM, 12 Multiplier, 2 PLL"
U1,LM1117MP-3.3,,YES,"Low Dropout Voltage Regulator 3.3V, 800mA"
U7,LM1117MP-3.3,,YES,"Low Dropout Voltage Regulator 3.3V, 800mA"
U2,MAX3313ECUB+,,YES,460kbps RS-232 Transceiver with ESD-protection
U6,MT48LC16M16A2,,YES,Synchronous DRAM 4 Meg x 16 x 4 banks
D1,PMEG6010CEJ,,YES,"Schottky Diode 60V, 1A"
D2,PMEG6010CEJ,,YES,"Schottky Diode 60V, 1A"
D3,PMEG6010CEJ,,YES,"Schottky Diode 60V, 1A"
D4,PMEG6010CEJ,,YES,"Schottky Diode 60V, 1A"
P11,SD 21,,YES,9 Pin SD/MMC Card Connector Yamaichi
P12,SD 21,,YES,9 Pin SD/MMC Card Connector Yamaichi
C3,SMD Capacitor 0805,1n,YES,SMD Capacitor 0805
C5,SMD Capacitor 0805,1n,YES,SMD Capacitor 0805
C1,SMD Capacitor 0805,4.7u/10V,YES,SMD Capacitor 0805
C2,SMD Capacitor 0805,4.7u/10V,YES,SMD Capacitor 0805
C13,SMD Capacitor 0805,10u,YES,SMD Capacitor 0805
C20,SMD Capacitor 0805,10u,YES,SMD Capacitor 0805
C25,SMD Capacitor 0805,10u,YES,SMD Capacitor 0805
C26,SMD Capacitor 0805,47n,YES,SMD Capacitor 0805
C27,SMD Capacitor 0805,47n,YES,SMD Capacitor 0805
C4,SMD Capacitor 0805,47u,YES,SMD Capacitor 0805
C6,SMD Capacitor 0805,47u,YES,SMD Capacitor 0805
C17,SMD Capacitor 0805,47u,YES,SMD Capacitor 0805
C19,SMD Capacitor 0805,47u,YES,SMD Capacitor 0805
C22,SMD Capacitor 0805,47u,YES,SMD Capacitor 0805
C23,SMD Capacitor 0805,47u,YES,SMD Capacitor 0805
C24,SMD Capacitor 0805,47u,YES,SMD Capacitor 0805
C7,SMD Capacitor 0805,100n,YES,SMD Capacitor 0805
C8,SMD Capacitor 0805,100n,YES,SMD Capacitor 0805
C9,SMD Capacitor 0805,100n,YES,SMD Capacitor 0805
C10,SMD Capacitor 0805,100n,YES,SMD Capacitor 0805
C11,SMD Capacitor 0805,100n,YES,SMD Capacitor 0805
C12,SMD Capacitor 0805,100n,YES,SMD Capacitor 0805
C14,SMD Capacitor 0805,100n,YES,SMD Capacitor 0805
C15,SMD Capacitor 0805,100n,YES,SMD Capacitor 0805
C16,SMD Capacitor 0805,100n,YES,SMD Capacitor 0805
C18,SMD Capacitor 0805,100n,YES,SMD Capacitor 0805
R13,SMD Resistor 0805,1.5k,YES,SMD Resistor 0805
R18,SMD Resistor 0805,1.5k,YES,SMD Resistor 0805
R26,SMD Resistor 0805,1.5k,YES,SMD Resistor 0805
R14,SMD Resistor 0805,3k,YES,SMD Resistor 0805
R19,SMD Resistor 0805,3k,YES,SMD Resistor 0805
R27,SMD Resistor 0805,3k,YES,SMD Resistor 0805
R28,SMD Resistor 0805,4.7k,YES,SMD Resistor 0805
R15,SMD Resistor 0805,6.04k,YES,SMD Resistor 0805
R20,SMD Resistor 0805,6.04k,YES,SMD Resistor 0805
R22,SMD Resistor 0805,6.04k,YES,SMD Resistor 0805
R2,SMD Resistor 0805,8,YES,SMD Resistor 0805
R5,SMD Resistor 0805,8,YES,SMD Resistor 0805
R29,SMD Resistor 0805,10k,YES,SMD Resistor 0805
R21,SMD Resistor 0805,12k,YES,SMD Resistor 0805
R3,SMD Resistor 0805,47,YES,SMD Resistor 0805
R4,SMD Resistor 0805,47,YES,SMD Resistor 0805
R10,SMD Resistor 0805,100,YES,SMD Resistor 0805
R30,SMD Resistor 0805,120,YES,SMD Resistor 0805
R33,SMD Resistor 0805,120,YES,SMD Resistor 0805
R34,SMD Resistor 0805,120,YES,SMD Resistor 0805
R31,SMD Resistor 0805,150,YES,SMD Resistor 0805
R32,SMD Resistor 0805,150,YES,SMD Resistor 0805
R6,SMD Resistor 0805,160,YES,SMD Resistor 0805
R7,SMD Resistor 0805,160,YES,SMD Resistor 0805
R8,SMD Resistor 0805,160,YES,SMD Resistor 0805
R23,SMD Resistor 0805,220,YES,SMD Resistor 0805
R11,SMD Resistor 0805,374,YES,SMD Resistor 0805
R16,SMD Resistor 0805,374,YES,SMD Resistor 0805
R24,SMD Resistor 0805,374,YES,SMD Resistor 0805
R1,SMD Resistor 0805,470,YES,SMD Resistor 0805
R9,SMD Resistor 0805,470,YES,SMD Resistor 0805
R12,SMD Resistor 0805,750,YES,SMD Resistor 0805
R17,SMD Resistor 0805,750,YES,SMD Resistor 0805
R25,SMD Resistor 0805,750,YES,SMD Resistor 0805
U5,XC6215B122NR,,YES,"1.2 V Linear Voltage Regulator, 200mA"
U9,XC6215B332NR,,YES,"3.3 V Linear Voltage Regulator, 200mA"
Q1,XO32020UCTA,20.0 MHz,YES,EPSON TOYOCOM
