<?xml version="1.0" encoding="UTF-8"?>
<export version="D">
  <design>
    <source>C:\Users\john\Documents\KiCad\MotorController\MotorController\MotorController.sch</source>
    <date>16/09/2023 11:03:03</date>
    <tool>Eeschema (5.0.1)-3</tool>
    <sheet number="1" name="/" tstamps="/">
      <title_block>
        <title/>
        <company/>
        <rev/>
        <date/>
        <source>MotorController.sch</source>
        <comment number="1" value=""/>
        <comment number="2" value=""/>
        <comment number="3" value=""/>
        <comment number="4" value=""/>
      </title_block>
    </sheet>
  </design>
  <components>
    <comp ref="U1">
      <value>PIC16F15356</value>
      <footprint>Package_DIP:DIP-28_W7.62mm_Socket_LongPads</footprint>
      <datasheet>http://ww1.microchip.com/downloads/en/DeviceDoc/41452B.pdf</datasheet>
      <libsource lib="MCU_Microchip_PIC16" part="PIC16F1516-ISP" description="PIC16F1516, 8192W FLASH, 512B SRAM, SPDIP-28"/>
      <sheetpath names="/" tstamps="/"/>
      <tstamp>64F33DDF</tstamp>
    </comp>
    <comp ref="J1">
      <value>AR</value>
      <footprint>Connector_JST:JST_EH_B04B-EH-A_1x04_P2.50mm_Vertical</footprint>
      <datasheet>~</datasheet>
      <libsource lib="Connector_Generic" part="Conn_01x04" description="Generic connector, single row, 01x04, script generated (kicad-library-utils/schlib/autogen/connector/)"/>
      <sheetpath names="/" tstamps="/"/>
      <tstamp>64F33FDB</tstamp>
    </comp>
    <comp ref="J2">
      <value>AL</value>
      <footprint>Connector_JST:JST_EH_B04B-EH-A_1x04_P2.50mm_Vertical</footprint>
      <datasheet>~</datasheet>
      <libsource lib="Connector_Generic" part="Conn_01x04" description="Generic connector, single row, 01x04, script generated (kicad-library-utils/schlib/autogen/connector/)"/>
      <sheetpath names="/" tstamps="/"/>
      <tstamp>64F340E0</tstamp>
    </comp>
    <comp ref="J3">
      <value>BR</value>
      <footprint>Connector_JST:JST_EH_B04B-EH-A_1x04_P2.50mm_Vertical</footprint>
      <datasheet>~</datasheet>
      <libsource lib="Connector_Generic" part="Conn_01x04" description="Generic connector, single row, 01x04, script generated (kicad-library-utils/schlib/autogen/connector/)"/>
      <sheetpath names="/" tstamps="/"/>
      <tstamp>64F34122</tstamp>
    </comp>
    <comp ref="J5">
      <value>BL</value>
      <footprint>Connector_JST:JST_EH_B04B-EH-A_1x04_P2.50mm_Vertical</footprint>
      <datasheet>~</datasheet>
      <libsource lib="Connector_Generic" part="Conn_01x04" description="Generic connector, single row, 01x04, script generated (kicad-library-utils/schlib/autogen/connector/)"/>
      <sheetpath names="/" tstamps="/"/>
      <tstamp>64F3414A</tstamp>
    </comp>
    <comp ref="R19">
      <value>10</value>
      <footprint>Resistor_THT:R_Axial_DIN0207_L6.3mm_D2.5mm_P7.62mm_Horizontal</footprint>
      <datasheet>~</datasheet>
      <libsource lib="Device" part="R_Small" description="Resistor, small symbol"/>
      <sheetpath names="/" tstamps="/"/>
      <tstamp>64F3D0C9</tstamp>
    </comp>
    <comp ref="R16">
      <value>10</value>
      <footprint>Resistor_THT:R_Axial_DIN0207_L6.3mm_D2.5mm_P7.62mm_Horizontal</footprint>
      <datasheet>~</datasheet>
      <libsource lib="Device" part="R_Small" description="Resistor, small symbol"/>
      <sheetpath names="/" tstamps="/"/>
      <tstamp>64F3DA39</tstamp>
    </comp>
    <comp ref="R14">
      <value>10</value>
      <footprint>Resistor_THT:R_Axial_DIN0207_L6.3mm_D2.5mm_P7.62mm_Horizontal</footprint>
      <datasheet>~</datasheet>
      <libsource lib="Device" part="R_Small" description="Resistor, small symbol"/>
      <sheetpath names="/" tstamps="/"/>
      <tstamp>64F3DA85</tstamp>
    </comp>
    <comp ref="R13">
      <value>10</value>
      <footprint>Resistor_THT:R_Axial_DIN0207_L6.3mm_D2.5mm_P7.62mm_Horizontal</footprint>
      <datasheet>~</datasheet>
      <libsource lib="Device" part="R_Small" description="Resistor, small symbol"/>
      <sheetpath names="/" tstamps="/"/>
      <tstamp>64F3DAAF</tstamp>
    </comp>
    <comp ref="R11">
      <value>10</value>
      <footprint>Resistor_THT:R_Axial_DIN0207_L6.3mm_D2.5mm_P7.62mm_Horizontal</footprint>
      <datasheet>~</datasheet>
      <libsource lib="Device" part="R_Small" description="Resistor, small symbol"/>
      <sheetpath names="/" tstamps="/"/>
      <tstamp>64F3DAE3</tstamp>
    </comp>
    <comp ref="R9">
      <value>10</value>
      <footprint>Resistor_THT:R_Axial_DIN0207_L6.3mm_D2.5mm_P7.62mm_Horizontal</footprint>
      <datasheet>~</datasheet>
      <libsource lib="Device" part="R_Small" description="Resistor, small symbol"/>
      <sheetpath names="/" tstamps="/"/>
      <tstamp>64F3DB11</tstamp>
    </comp>
    <comp ref="R6">
      <value>10</value>
      <footprint>Resistor_THT:R_Axial_DIN0207_L6.3mm_D2.5mm_P7.62mm_Horizontal</footprint>
      <datasheet>~</datasheet>
      <libsource lib="Device" part="R_Small" description="Resistor, small symbol"/>
      <sheetpath names="/" tstamps="/"/>
      <tstamp>64F3DB41</tstamp>
    </comp>
    <comp ref="R4">
      <value>10</value>
      <footprint>Resistor_THT:R_Axial_DIN0207_L6.3mm_D2.5mm_P7.62mm_Horizontal</footprint>
      <datasheet>~</datasheet>
      <libsource lib="Device" part="R_Small" description="Resistor, small symbol"/>
      <sheetpath names="/" tstamps="/"/>
      <tstamp>64F3DB73</tstamp>
    </comp>
    <comp ref="R25">
      <value>10</value>
      <footprint>Resistor_THT:R_Axial_DIN0207_L6.3mm_D2.5mm_P7.62mm_Horizontal</footprint>
      <datasheet>~</datasheet>
      <libsource lib="Device" part="R_Small" description="Resistor, small symbol"/>
      <sheetpath names="/" tstamps="/"/>
      <tstamp>64F3DBAF</tstamp>
    </comp>
    <comp ref="R27">
      <value>10</value>
      <footprint>Resistor_THT:R_Axial_DIN0207_L6.3mm_D2.5mm_P7.62mm_Horizontal</footprint>
      <datasheet>~</datasheet>
      <libsource lib="Device" part="R_Small" description="Resistor, small symbol"/>
      <sheetpath names="/" tstamps="/"/>
      <tstamp>64F3DBDF</tstamp>
    </comp>
    <comp ref="R29">
      <value>10</value>
      <footprint>Resistor_THT:R_Axial_DIN0207_L6.3mm_D2.5mm_P7.62mm_Horizontal</footprint>
      <datasheet>~</datasheet>
      <libsource lib="Device" part="R_Small" description="Resistor, small symbol"/>
      <sheetpath names="/" tstamps="/"/>
      <tstamp>64F3DC1B</tstamp>
    </comp>
    <comp ref="R31">
      <value>10</value>
      <footprint>Resistor_THT:R_Axial_DIN0207_L6.3mm_D2.5mm_P7.62mm_Horizontal</footprint>
      <datasheet>~</datasheet>
      <libsource lib="Device" part="R_Small" description="Resistor, small symbol"/>
      <sheetpath names="/" tstamps="/"/>
      <tstamp>64F3DC59</tstamp>
    </comp>
    <comp ref="R32">
      <value>10</value>
      <footprint>Resistor_THT:R_Axial_DIN0207_L6.3mm_D2.5mm_P7.62mm_Horizontal</footprint>
      <datasheet>~</datasheet>
      <libsource lib="Device" part="R_Small" description="Resistor, small symbol"/>
      <sheetpath names="/" tstamps="/"/>
      <tstamp>64F3DC91</tstamp>
    </comp>
    <comp ref="R34">
      <value>10</value>
      <footprint>Resistor_THT:R_Axial_DIN0207_L6.3mm_D2.5mm_P7.62mm_Horizontal</footprint>
      <datasheet>~</datasheet>
      <libsource lib="Device" part="R_Small" description="Resistor, small symbol"/>
      <sheetpath names="/" tstamps="/"/>
      <tstamp>64F3DCCB</tstamp>
    </comp>
    <comp ref="R35">
      <value>1K</value>
      <footprint>Resistor_THT:R_Axial_DIN0207_L6.3mm_D2.5mm_P7.62mm_Horizontal</footprint>
      <datasheet>~</datasheet>
      <libsource lib="Device" part="R_Small" description="Resistor, small symbol"/>
      <sheetpath names="/" tstamps="/"/>
      <tstamp>64F3DD07</tstamp>
    </comp>
    <comp ref="R36">
      <value>1K</value>
      <footprint>Resistor_THT:R_Axial_DIN0207_L6.3mm_D2.5mm_P7.62mm_Horizontal</footprint>
      <datasheet>~</datasheet>
      <libsource lib="Device" part="R_Small" description="Resistor, small symbol"/>
      <sheetpath names="/" tstamps="/"/>
      <tstamp>64F3DD45</tstamp>
    </comp>
    <comp ref="R5">
      <value>330</value>
      <footprint>Resistor_THT:R_Axial_DIN0207_L6.3mm_D2.5mm_P7.62mm_Horizontal</footprint>
      <datasheet>~</datasheet>
      <libsource lib="Device" part="R_Small" description="Resistor, small symbol"/>
      <sheetpath names="/" tstamps="/"/>
      <tstamp>64F445CE</tstamp>
    </comp>
    <comp ref="R7">
      <value>330</value>
      <footprint>Resistor_THT:R_Axial_DIN0207_L6.3mm_D2.5mm_P7.62mm_Horizontal</footprint>
      <datasheet>~</datasheet>
      <libsource lib="Device" part="R_Small" description="Resistor, small symbol"/>
      <sheetpath names="/" tstamps="/"/>
      <tstamp>64F44728</tstamp>
    </comp>
    <comp ref="R10">
      <value>330</value>
      <footprint>Resistor_THT:R_Axial_DIN0207_L6.3mm_D2.5mm_P7.62mm_Horizontal</footprint>
      <datasheet>~</datasheet>
      <libsource lib="Device" part="R_Small" description="Resistor, small symbol"/>
      <sheetpath names="/" tstamps="/"/>
      <tstamp>64F44766</tstamp>
    </comp>
    <comp ref="D3">
      <value>YEL</value>
      <footprint>LED_THT:LED_D3.0mm_FlatTop</footprint>
      <datasheet>~</datasheet>
      <libsource lib="Device" part="LED" description="Light emitting diode"/>
      <sheetpath names="/" tstamps="/"/>
      <tstamp>64F448F6</tstamp>
    </comp>
    <comp ref="D4">
      <value>GRN</value>
      <footprint>LED_THT:LED_D3.0mm_FlatTop</footprint>
      <datasheet>~</datasheet>
      <libsource lib="Device" part="LED" description="Light emitting diode"/>
      <sheetpath names="/" tstamps="/"/>
      <tstamp>64F466D6</tstamp>
    </comp>
    <comp ref="D6">
      <value>RED</value>
      <footprint>LED_THT:LED_D3.0mm_FlatTop</footprint>
      <datasheet>~</datasheet>
      <libsource lib="Device" part="LED" description="Light emitting diode"/>
      <sheetpath names="/" tstamps="/"/>
      <tstamp>64F46720</tstamp>
    </comp>
    <comp ref="R1">
      <value>10</value>
      <footprint>Resistor_THT:R_Axial_DIN0207_L6.3mm_D2.5mm_P7.62mm_Horizontal</footprint>
      <datasheet>~</datasheet>
      <libsource lib="Device" part="R_Small" description="Resistor, small symbol"/>
      <sheetpath names="/" tstamps="/"/>
      <tstamp>64CC8BAE</tstamp>
    </comp>
    <comp ref="R3">
      <value>10</value>
      <footprint>Resistor_THT:R_Axial_DIN0207_L6.3mm_D2.5mm_P7.62mm_Horizontal</footprint>
      <datasheet>~</datasheet>
      <libsource lib="Device" part="R_Small" description="Resistor, small symbol"/>
      <sheetpath names="/" tstamps="/"/>
      <tstamp>64CC8C70</tstamp>
    </comp>
    <comp ref="D1">
      <value>1N4148</value>
      <footprint>Diode_THT:D_DO-35_SOD27_P7.62mm_Horizontal</footprint>
      <datasheet>http://www.nxp.com/documents/data_sheet/1N4148_1N4448.pdf</datasheet>
      <libsource lib="Diode" part="1N4148" description="100V 0.15A standard switching diode, DO-35"/>
      <sheetpath names="/" tstamps="/"/>
      <tstamp>64CD177A</tstamp>
    </comp>
    <comp ref="J4">
      <value>DB25_Bus Male</value>
      <footprint>Connector_Dsub:DSUB-25_Female_Vertical_P2.77x2.84mm_MountingHoles</footprint>
      <datasheet> ~</datasheet>
      <libsource lib="Connector" part="DB25_Male_MountingHoles" description="25-pin male D-SUB connector, Mounting Hole"/>
      <sheetpath names="/" tstamps="/"/>
      <tstamp>64E63480</tstamp>
    </comp>
    <comp ref="R15">
      <value>10</value>
      <footprint>Resistor_THT:R_Axial_DIN0207_L6.3mm_D2.5mm_P7.62mm_Horizontal</footprint>
      <datasheet>~</datasheet>
      <libsource lib="Device" part="R_Small" description="Resistor, small symbol"/>
      <sheetpath names="/" tstamps="/"/>
      <tstamp>64E6AF47</tstamp>
    </comp>
    <comp ref="R17">
      <value>10</value>
      <footprint>Resistor_THT:R_Axial_DIN0207_L6.3mm_D2.5mm_P7.62mm_Horizontal</footprint>
      <datasheet>~</datasheet>
      <libsource lib="Device" part="R_Small" description="Resistor, small symbol"/>
      <sheetpath names="/" tstamps="/"/>
      <tstamp>64E6AFC1</tstamp>
    </comp>
    <comp ref="R20">
      <value>10</value>
      <footprint>Resistor_THT:R_Axial_DIN0207_L6.3mm_D2.5mm_P7.62mm_Horizontal</footprint>
      <datasheet>~</datasheet>
      <libsource lib="Device" part="R_Small" description="Resistor, small symbol"/>
      <sheetpath names="/" tstamps="/"/>
      <tstamp>64E6B013</tstamp>
    </comp>
    <comp ref="R38">
      <value>330</value>
      <footprint>Resistor_THT:R_Axial_DIN0207_L6.3mm_D2.5mm_P7.62mm_Horizontal</footprint>
      <datasheet>~</datasheet>
      <libsource lib="Device" part="R_Small" description="Resistor, small symbol"/>
      <sheetpath names="/" tstamps="/"/>
      <tstamp>64EA48E8</tstamp>
    </comp>
    <comp ref="R23">
      <value>1K</value>
      <footprint>Resistor_THT:R_Axial_DIN0207_L6.3mm_D2.5mm_P7.62mm_Horizontal</footprint>
      <datasheet>~</datasheet>
      <libsource lib="Device" part="R_Small" description="Resistor, small symbol"/>
      <sheetpath names="/" tstamps="/"/>
      <tstamp>64EACC86</tstamp>
    </comp>
    <comp ref="R24">
      <value>1K</value>
      <footprint>Resistor_THT:R_Axial_DIN0207_L6.3mm_D2.5mm_P7.62mm_Horizontal</footprint>
      <datasheet>~</datasheet>
      <libsource lib="Device" part="R_Small" description="Resistor, small symbol"/>
      <sheetpath names="/" tstamps="/"/>
      <tstamp>64EB0C28</tstamp>
    </comp>
    <comp ref="R22">
      <value>1K</value>
      <footprint>Resistor_THT:R_Axial_DIN0207_L6.3mm_D2.5mm_P7.62mm_Horizontal</footprint>
      <datasheet>~</datasheet>
      <libsource lib="Device" part="R_Small" description="Resistor, small symbol"/>
      <sheetpath names="/" tstamps="/"/>
      <tstamp>64EB0D86</tstamp>
    </comp>
    <comp ref="R26">
      <value>10</value>
      <footprint>Resistor_THT:R_Axial_DIN0207_L6.3mm_D2.5mm_P7.62mm_Horizontal</footprint>
      <datasheet>~</datasheet>
      <libsource lib="Device" part="R_Small" description="Resistor, small symbol"/>
      <sheetpath names="/" tstamps="/"/>
      <tstamp>64ECA0FB</tstamp>
    </comp>
    <comp ref="R28">
      <value>3K3</value>
      <footprint>Resistor_THT:R_Axial_DIN0207_L6.3mm_D2.5mm_P7.62mm_Horizontal</footprint>
      <datasheet>~</datasheet>
      <libsource lib="Device" part="R_Small" description="Resistor, small symbol"/>
      <sheetpath names="/" tstamps="/"/>
      <tstamp>64ECA242</tstamp>
    </comp>
    <comp ref="C3">
      <value>1uF</value>
      <footprint>Capacitor_THT:CP_Radial_D4.0mm_P2.00mm</footprint>
      <datasheet>~</datasheet>
      <libsource lib="Device" part="C_Small" description="Unpolarized capacitor, small symbol"/>
      <sheetpath names="/" tstamps="/"/>
      <tstamp>64EE7214</tstamp>
    </comp>
    <comp ref="C1">
      <value>0.1</value>
      <footprint>Capacitor_THT:CP_Radial_D4.0mm_P2.00mm</footprint>
      <datasheet>~</datasheet>
      <libsource lib="Device" part="C_Small" description="Unpolarized capacitor, small symbol"/>
      <sheetpath names="/" tstamps="/"/>
      <tstamp>64EF66AC</tstamp>
    </comp>
    <comp ref="C2">
      <value>10uF</value>
      <footprint>Capacitor_THT:CP_Radial_D6.3mm_P2.50mm</footprint>
      <datasheet>~</datasheet>
      <libsource lib="Device" part="C" description="Unpolarized capacitor"/>
      <sheetpath names="/" tstamps="/"/>
      <tstamp>64EF67F0</tstamp>
    </comp>
    <comp ref="J7">
      <value>Prog</value>
      <footprint>Connector_PinHeader_2.54mm:PinHeader_1x05_P2.54mm_Vertical</footprint>
      <datasheet>~</datasheet>
      <libsource lib="Connector" part="Conn_01x05_Female" description="Generic connector, single row, 01x05, script generated (kicad-library-utils/schlib/autogen/connector/)"/>
      <sheetpath names="/" tstamps="/"/>
      <tstamp>64F3EE5B</tstamp>
    </comp>
    <comp ref="R2">
      <value>330</value>
      <footprint>Resistor_THT:R_Axial_DIN0207_L6.3mm_D2.5mm_P7.62mm_Horizontal</footprint>
      <datasheet>~</datasheet>
      <libsource lib="Device" part="R_Small" description="Resistor, small symbol"/>
      <sheetpath names="/" tstamps="/"/>
      <tstamp>64CD3156</tstamp>
    </comp>
    <comp ref="D2">
      <value>YEL</value>
      <footprint>LED_THT:LED_D3.0mm_FlatTop</footprint>
      <datasheet>~</datasheet>
      <libsource lib="Device" part="LED" description="Light emitting diode"/>
      <sheetpath names="/" tstamps="/"/>
      <tstamp>64CD3355</tstamp>
    </comp>
    <comp ref="R8">
      <value>330</value>
      <footprint>Resistor_THT:R_Axial_DIN0207_L6.3mm_D2.5mm_P7.62mm_Horizontal</footprint>
      <datasheet>~</datasheet>
      <libsource lib="Device" part="R_Small" description="Resistor, small symbol"/>
      <sheetpath names="/" tstamps="/"/>
      <tstamp>64CE78A2</tstamp>
    </comp>
    <comp ref="D5">
      <value>YEL</value>
      <footprint>LED_THT:LED_D3.0mm_FlatTop</footprint>
      <datasheet>~</datasheet>
      <libsource lib="Device" part="LED" description="Light emitting diode"/>
      <sheetpath names="/" tstamps="/"/>
      <tstamp>64CE78A9</tstamp>
    </comp>
    <comp ref="R12">
      <value>330</value>
      <footprint>Resistor_THT:R_Axial_DIN0207_L6.3mm_D2.5mm_P7.62mm_Horizontal</footprint>
      <datasheet>~</datasheet>
      <libsource lib="Device" part="R_Small" description="Resistor, small symbol"/>
      <sheetpath names="/" tstamps="/"/>
      <tstamp>64D83F09</tstamp>
    </comp>
    <comp ref="D7">
      <value>YEL</value>
      <footprint>LED_THT:LED_D3.0mm_FlatTop</footprint>
      <datasheet>~</datasheet>
      <libsource lib="Device" part="LED" description="Light emitting diode"/>
      <sheetpath names="/" tstamps="/"/>
      <tstamp>64D83F10</tstamp>
    </comp>
    <comp ref="R18">
      <value>330</value>
      <footprint>Resistor_THT:R_Axial_DIN0207_L6.3mm_D2.5mm_P7.62mm_Horizontal</footprint>
      <datasheet>~</datasheet>
      <libsource lib="Device" part="R_Small" description="Resistor, small symbol"/>
      <sheetpath names="/" tstamps="/"/>
      <tstamp>64D8D007</tstamp>
    </comp>
    <comp ref="D8">
      <value>YEL</value>
      <footprint>LED_THT:LED_D3.0mm_FlatTop</footprint>
      <datasheet>~</datasheet>
      <libsource lib="Device" part="LED" description="Light emitting diode"/>
      <sheetpath names="/" tstamps="/"/>
      <tstamp>64D8D00E</tstamp>
    </comp>
    <comp ref="R21">
      <value>330</value>
      <footprint>Resistor_THT:R_Axial_DIN0207_L6.3mm_D2.5mm_P7.62mm_Horizontal</footprint>
      <datasheet>~</datasheet>
      <libsource lib="Device" part="R_Small" description="Resistor, small symbol"/>
      <sheetpath names="/" tstamps="/"/>
      <tstamp>64D96402</tstamp>
    </comp>
    <comp ref="D9">
      <value>YEL</value>
      <footprint>LED_THT:LED_D3.0mm_FlatTop</footprint>
      <datasheet>~</datasheet>
      <libsource lib="Device" part="LED" description="Light emitting diode"/>
      <sheetpath names="/" tstamps="/"/>
      <tstamp>64D96409</tstamp>
    </comp>
    <comp ref="R33">
      <value>330</value>
      <footprint>Resistor_THT:R_Axial_DIN0207_L6.3mm_D2.5mm_P7.62mm_Horizontal</footprint>
      <datasheet>~</datasheet>
      <libsource lib="Device" part="R_Small" description="Resistor, small symbol"/>
      <sheetpath names="/" tstamps="/"/>
      <tstamp>64DA91F7</tstamp>
    </comp>
    <comp ref="D11">
      <value>YEL</value>
      <footprint>LED_THT:LED_D3.0mm_FlatTop</footprint>
      <datasheet>~</datasheet>
      <libsource lib="Device" part="LED" description="Light emitting diode"/>
      <sheetpath names="/" tstamps="/"/>
      <tstamp>64DA91FE</tstamp>
    </comp>
    <comp ref="R30">
      <value>330</value>
      <footprint>Resistor_THT:R_Axial_DIN0207_L6.3mm_D2.5mm_P7.62mm_Horizontal</footprint>
      <datasheet>~</datasheet>
      <libsource lib="Device" part="R_Small" description="Resistor, small symbol"/>
      <sheetpath names="/" tstamps="/"/>
      <tstamp>64DB2C86</tstamp>
    </comp>
    <comp ref="D10">
      <value>YEL</value>
      <footprint>LED_THT:LED_D3.0mm_FlatTop</footprint>
      <datasheet>~</datasheet>
      <libsource lib="Device" part="LED" description="Light emitting diode"/>
      <sheetpath names="/" tstamps="/"/>
      <tstamp>64DB2C8D</tstamp>
    </comp>
    <comp ref="R37">
      <value>330</value>
      <footprint>Resistor_THT:R_Axial_DIN0207_L6.3mm_D2.5mm_P7.62mm_Horizontal</footprint>
      <datasheet>~</datasheet>
      <libsource lib="Device" part="R_Small" description="Resistor, small symbol"/>
      <sheetpath names="/" tstamps="/"/>
      <tstamp>64DD01BF</tstamp>
    </comp>
    <comp ref="D12">
      <value>YEL</value>
      <footprint>LED_THT:LED_D3.0mm_FlatTop</footprint>
      <datasheet>~</datasheet>
      <libsource lib="Device" part="LED" description="Light emitting diode"/>
      <sheetpath names="/" tstamps="/"/>
      <tstamp>64DD01C6</tstamp>
    </comp>
    <comp ref="R40">
      <value>10K</value>
      <footprint>Resistor_THT:R_Axial_DIN0207_L6.3mm_D2.5mm_P7.62mm_Horizontal</footprint>
      <datasheet>~</datasheet>
      <libsource lib="Device" part="R_Small" description="Resistor, small symbol"/>
      <sheetpath names="/" tstamps="/"/>
      <tstamp>64E8A375</tstamp>
    </comp>
    <comp ref="R39">
      <value>100</value>
      <footprint>Resistor_THT:R_Axial_DIN0207_L6.3mm_D2.5mm_P7.62mm_Horizontal</footprint>
      <datasheet>~</datasheet>
      <libsource lib="Device" part="R_Small" description="Resistor, small symbol"/>
      <sheetpath names="/" tstamps="/"/>
      <tstamp>64E97D36</tstamp>
    </comp>
    <comp ref="C4">
      <value>0.1</value>
      <footprint>Capacitor_THT:CP_Radial_D4.0mm_P2.00mm</footprint>
      <datasheet>~</datasheet>
      <libsource lib="Device" part="C_Small" description="Unpolarized capacitor, small symbol"/>
      <sheetpath names="/" tstamps="/"/>
      <tstamp>64EC320C</tstamp>
    </comp>
    <comp ref="R41">
      <value>10K</value>
      <footprint>Resistor_THT:R_Axial_DIN0207_L6.3mm_D2.5mm_P7.62mm_Horizontal</footprint>
      <datasheet>~</datasheet>
      <libsource lib="Device" part="R_Small" description="Resistor, small symbol"/>
      <sheetpath names="/" tstamps="/"/>
      <tstamp>64EC3525</tstamp>
    </comp>
    <comp ref="TH1">
      <value>Therm</value>
      <footprint>Resistor_THT:R_Axial_DIN0204_L3.6mm_D1.6mm_P1.90mm_Vertical</footprint>
      <datasheet>~</datasheet>
      <libsource lib="Device" part="Thermistor_NTC" description="Temperature dependent resistor, negative temperature coefficient"/>
      <sheetpath names="/" tstamps="/"/>
      <tstamp>64EC35FB</tstamp>
    </comp>
    <comp ref="R45">
      <value>10K</value>
      <footprint>Resistor_THT:R_Axial_DIN0207_L6.3mm_D2.5mm_P7.62mm_Horizontal</footprint>
      <datasheet>~</datasheet>
      <libsource lib="Device" part="R_Small" description="Resistor, small symbol"/>
      <sheetpath names="/" tstamps="/"/>
      <tstamp>64EF2031</tstamp>
    </comp>
    <comp ref="R44">
      <value>100</value>
      <footprint>Resistor_THT:R_Axial_DIN0207_L6.3mm_D2.5mm_P7.62mm_Horizontal</footprint>
      <datasheet>~</datasheet>
      <libsource lib="Device" part="R_Small" description="Resistor, small symbol"/>
      <sheetpath names="/" tstamps="/"/>
      <tstamp>64EF2038</tstamp>
    </comp>
    <comp ref="C5">
      <value>0.1</value>
      <footprint>Capacitor_THT:CP_Radial_D4.0mm_P2.00mm</footprint>
      <datasheet>~</datasheet>
      <libsource lib="Device" part="C_Small" description="Unpolarized capacitor, small symbol"/>
      <sheetpath names="/" tstamps="/"/>
      <tstamp>64EF2045</tstamp>
    </comp>
    <comp ref="R46">
      <value>100</value>
      <footprint>Resistor_THT:R_Axial_DIN0207_L6.3mm_D2.5mm_P7.62mm_Horizontal</footprint>
      <datasheet>~</datasheet>
      <libsource lib="Device" part="R_Small" description="Resistor, small symbol"/>
      <sheetpath names="/" tstamps="/"/>
      <tstamp>64FF8926</tstamp>
    </comp>
    <comp ref="R42">
      <value>330</value>
      <footprint>Resistor_THT:R_Axial_DIN0207_L6.3mm_D2.5mm_P7.62mm_Horizontal</footprint>
      <datasheet>~</datasheet>
      <libsource lib="Device" part="R_Small" description="Resistor, small symbol"/>
      <sheetpath names="/" tstamps="/"/>
      <tstamp>65059B5B</tstamp>
    </comp>
    <comp ref="D14">
      <value>YEL</value>
      <footprint>LED_THT:LED_D3.0mm_FlatTop</footprint>
      <datasheet>~</datasheet>
      <libsource lib="Device" part="LED" description="Light emitting diode"/>
      <sheetpath names="/" tstamps="/"/>
      <tstamp>65059B62</tstamp>
    </comp>
    <comp ref="D13">
      <value>RED</value>
      <footprint>LED_THT:LED_D3.0mm_FlatTop</footprint>
      <datasheet>~</datasheet>
      <libsource lib="Device" part="LED" description="Light emitting diode"/>
      <sheetpath names="/" tstamps="/"/>
      <tstamp>650AA0F7</tstamp>
    </comp>
    <comp ref="R43">
      <value>330</value>
      <footprint>Resistor_THT:R_Axial_DIN0207_L6.3mm_D2.5mm_P7.62mm_Horizontal</footprint>
      <datasheet>~</datasheet>
      <libsource lib="Device" part="R_Small" description="Resistor, small symbol"/>
      <sheetpath names="/" tstamps="/"/>
      <tstamp>651246CE</tstamp>
    </comp>
    <comp ref="D15">
      <value>RED</value>
      <footprint>LED_THT:LED_D3.0mm_FlatTop</footprint>
      <datasheet>~</datasheet>
      <libsource lib="Device" part="LED" description="Light emitting diode"/>
      <sheetpath names="/" tstamps="/"/>
      <tstamp>651246D8</tstamp>
    </comp>
    <comp ref="R47">
      <value>330</value>
      <footprint>Resistor_THT:R_Axial_DIN0207_L6.3mm_D2.5mm_P7.62mm_Horizontal</footprint>
      <datasheet>~</datasheet>
      <libsource lib="Device" part="R_Small" description="Resistor, small symbol"/>
      <sheetpath names="/" tstamps="/"/>
      <tstamp>6514F2C4</tstamp>
    </comp>
    <comp ref="D16">
      <value>ORG</value>
      <footprint>LED_THT:LED_D3.0mm_FlatTop</footprint>
      <datasheet>~</datasheet>
      <libsource lib="Device" part="LED" description="Light emitting diode"/>
      <sheetpath names="/" tstamps="/"/>
      <tstamp>6514F2CB</tstamp>
    </comp>
    <comp ref="R48">
      <value>1K</value>
      <footprint>Resistor_THT:R_Axial_DIN0207_L6.3mm_D2.5mm_P7.62mm_Horizontal</footprint>
      <datasheet>~</datasheet>
      <libsource lib="Device" part="R_Small" description="Resistor, small symbol"/>
      <sheetpath names="/" tstamps="/"/>
      <tstamp>651CF8F7</tstamp>
    </comp>
    <comp ref="J6">
      <value>DB9_Mtr</value>
      <footprint>Connector_Dsub:DSUB-9_Male_Vertical_P2.77x2.84mm_MountingHoles</footprint>
      <datasheet> ~</datasheet>
      <libsource lib="Connector" part="DB9_Male_MountingHoles" description="9-pin male D-SUB connector, Mounting Hole"/>
      <sheetpath names="/" tstamps="/"/>
      <tstamp>65215BBF</tstamp>
    </comp>
    <comp ref="SW1">
      <value> </value>
      <footprint>Button_Switch_THT:SW_PUSH-12mm</footprint>
      <libsource lib="Switch" part="SW_Push" description="Push button switch, generic, two pins"/>
      <sheetpath names="/" tstamps="/"/>
      <tstamp>653ABB3E</tstamp>
    </comp>
    <comp ref="U2">
      <value>L6387E</value>
      <footprint>Package_SO:SOIC-8_3.9x4.9mm_P1.27mm</footprint>
      <datasheet>http://www.onsemi.com/pub/Collateral/FAN7842-D.pdf</datasheet>
      <libsource lib="Driver_FET" part="FAN7842" description="High and Low Side Gate Driver, 200V operation, Output Current 350/650mA, SOIC-8"/>
      <sheetpath names="/" tstamps="/"/>
      <tstamp>64D46F81</tstamp>
    </comp>
    <comp ref="U3">
      <value>L6387E</value>
      <footprint>Package_SO:SOIC-8_3.9x4.9mm_P1.27mm</footprint>
      <datasheet>http://www.onsemi.com/pub/Collateral/FAN7842-D.pdf</datasheet>
      <libsource lib="Driver_FET" part="FAN7842" description="High and Low Side Gate Driver, 200V operation, Output Current 350/650mA, SOIC-8"/>
      <sheetpath names="/" tstamps="/"/>
      <tstamp>64DDD031</tstamp>
    </comp>
    <comp ref="U4">
      <value>L6387E</value>
      <footprint>Package_SO:SOIC-8_3.9x4.9mm_P1.27mm</footprint>
      <datasheet>http://www.onsemi.com/pub/Collateral/FAN7842-D.pdf</datasheet>
      <libsource lib="Driver_FET" part="FAN7842" description="High and Low Side Gate Driver, 200V operation, Output Current 350/650mA, SOIC-8"/>
      <sheetpath names="/" tstamps="/"/>
      <tstamp>64DF5CB7</tstamp>
    </comp>
    <comp ref="U5">
      <value>L6387E</value>
      <footprint>Package_SO:SOIC-8_3.9x4.9mm_P1.27mm</footprint>
      <datasheet>http://www.onsemi.com/pub/Collateral/FAN7842-D.pdf</datasheet>
      <libsource lib="Driver_FET" part="FAN7842" description="High and Low Side Gate Driver, 200V operation, Output Current 350/650mA, SOIC-8"/>
      <sheetpath names="/" tstamps="/"/>
      <tstamp>64E0EA0A</tstamp>
    </comp>
    <comp ref="C6">
      <value>0.47uF 100V</value>
      <footprint>Capacitor_THT:CP_Radial_D4.0mm_P2.00mm</footprint>
      <datasheet>~</datasheet>
      <libsource lib="Device" part="CP_Small" description="Polarized capacitor, small symbol"/>
      <sheetpath names="/" tstamps="/"/>
      <tstamp>6540508B</tstamp>
    </comp>
    <comp ref="C8">
      <value>0.47uF 100V</value>
      <footprint>Capacitor_THT:CP_Radial_D6.3mm_P2.50mm</footprint>
      <datasheet>~</datasheet>
      <libsource lib="Device" part="CP_Small" description="Polarized capacitor, small symbol"/>
      <sheetpath names="/" tstamps="/"/>
      <tstamp>6542CED3</tstamp>
    </comp>
    <comp ref="C10">
      <value>0,47uF 100V</value>
      <footprint>Capacitor_THT:CP_Radial_D6.3mm_P2.50mm</footprint>
      <datasheet>~</datasheet>
      <libsource lib="Device" part="CP_Small" description="Polarized capacitor, small symbol"/>
      <sheetpath names="/" tstamps="/"/>
      <tstamp>65454D16</tstamp>
    </comp>
    <comp ref="C12">
      <value>0.47uf 100V</value>
      <footprint>Capacitor_THT:CP_Radial_D6.3mm_P2.50mm</footprint>
      <datasheet>~</datasheet>
      <libsource lib="Device" part="CP_Small" description="Polarized capacitor, small symbol"/>
      <sheetpath names="/" tstamps="/"/>
      <tstamp>6547CCFA</tstamp>
    </comp>
    <comp ref="C13">
      <value>1uF 100V</value>
      <footprint>Capacitor_THT:CP_Radial_D6.3mm_P2.50mm</footprint>
      <datasheet>~</datasheet>
      <libsource lib="Device" part="CP_Small" description="Polarized capacitor, small symbol"/>
      <sheetpath names="/" tstamps="/"/>
      <tstamp>654A4B4F</tstamp>
    </comp>
    <comp ref="C11">
      <value>1uF 100V</value>
      <footprint>Capacitor_THT:CP_Radial_D6.3mm_P2.50mm</footprint>
      <datasheet>~</datasheet>
      <libsource lib="Device" part="CP_Small" description="Polarized capacitor, small symbol"/>
      <sheetpath names="/" tstamps="/"/>
      <tstamp>654CC9A1</tstamp>
    </comp>
    <comp ref="C9">
      <value>1uF 100V</value>
      <footprint>Capacitor_THT:CP_Radial_D6.3mm_P2.50mm</footprint>
      <datasheet>~</datasheet>
      <libsource lib="Device" part="CP_Small" description="Polarized capacitor, small symbol"/>
      <sheetpath names="/" tstamps="/"/>
      <tstamp>654F47E2</tstamp>
    </comp>
    <comp ref="C7">
      <value>1uF 100V</value>
      <footprint>Capacitor_THT:CP_Radial_D6.3mm_P2.50mm</footprint>
      <datasheet>~</datasheet>
      <libsource lib="Device" part="CP_Small" description="Polarized capacitor, small symbol"/>
      <sheetpath names="/" tstamps="/"/>
      <tstamp>6551C683</tstamp>
    </comp>
    <comp ref="R49">
      <value>330</value>
      <footprint>Resistor_THT:R_Axial_DIN0207_L6.3mm_D2.5mm_P7.62mm_Horizontal</footprint>
      <datasheet>~</datasheet>
      <libsource lib="Device" part="R_Small" description="Resistor, small symbol"/>
      <sheetpath names="/" tstamps="/"/>
      <tstamp>64D81592</tstamp>
    </comp>
    <comp ref="D17">
      <value>LED</value>
      <footprint>LED_THT:LED_D3.0mm_FlatTop</footprint>
      <datasheet>~</datasheet>
      <libsource lib="Device" part="LED" description="Light emitting diode"/>
      <sheetpath names="/" tstamps="/"/>
      <tstamp>64D81599</tstamp>
    </comp>
    <comp ref="J8">
      <value> </value>
      <footprint>Connector_IDC:IDC-Header_2x05_P2.54mm_Vertical</footprint>
      <datasheet>~</datasheet>
      <libsource lib="Connector_Generic" part="Conn_02x05_Odd_Even" description="Generic connector, double row, 02x05, odd/even pin numbering scheme (row 1 odd numbers, row 2 even numbers), script generated (kicad-library-utils/schlib/autogen/connector/)"/>
      <sheetpath names="/" tstamps="/"/>
      <tstamp>64EC6AA8</tstamp>
    </comp>
    <comp ref="J9">
      <value> </value>
      <footprint>Connector_IDC:IDC-Header_2x05_P2.54mm_Vertical</footprint>
      <datasheet>~</datasheet>
      <libsource lib="Connector_Generic" part="Conn_02x05_Odd_Even" description="Generic connector, double row, 02x05, odd/even pin numbering scheme (row 1 odd numbers, row 2 even numbers), script generated (kicad-library-utils/schlib/autogen/connector/)"/>
      <sheetpath names="/" tstamps="/"/>
      <tstamp>64EC6BCA</tstamp>
    </comp>
    <comp ref="J10">
      <value> </value>
      <footprint>Connector_IDC:IDC-Header_2x05_P2.54mm_Vertical</footprint>
      <datasheet>~</datasheet>
      <libsource lib="Connector_Generic" part="Conn_02x05_Odd_Even" description="Generic connector, double row, 02x05, odd/even pin numbering scheme (row 1 odd numbers, row 2 even numbers), script generated (kicad-library-utils/schlib/autogen/connector/)"/>
      <sheetpath names="/" tstamps="/"/>
      <tstamp>64EC6EA6</tstamp>
    </comp>
    <comp ref="J11">
      <value> </value>
      <footprint>Connector_IDC:IDC-Header_2x05_P2.54mm_Vertical</footprint>
      <datasheet>~</datasheet>
      <libsource lib="Connector_Generic" part="Conn_02x05_Odd_Even" description="Generic connector, double row, 02x05, odd/even pin numbering scheme (row 1 odd numbers, row 2 even numbers), script generated (kicad-library-utils/schlib/autogen/connector/)"/>
      <sheetpath names="/" tstamps="/"/>
      <tstamp>64EC6FAA</tstamp>
    </comp>
  </components>
  <libparts>
    <libpart lib="Connector" part="Conn_01x05_Female">
      <description>Generic connector, single row, 01x05, script generated (kicad-library-utils/schlib/autogen/connector/)</description>
      <docs>~</docs>
      <footprints>
        <fp>Connector*:*_1x??_*</fp>
      </footprints>
      <fields>
        <field name="Reference">J</field>
        <field name="Value">Conn_01x05_Female</field>
      </fields>
      <pins>
        <pin num="1" name="Pin_1" type="passive"/>
        <pin num="2" name="Pin_2" type="passive"/>
        <pin num="3" name="Pin_3" type="passive"/>
        <pin num="4" name="Pin_4" type="passive"/>
        <pin num="5" name="Pin_5" type="passive"/>
      </pins>
    </libpart>
    <libpart lib="Connector" part="DB25_Male_MountingHoles">
      <description>25-pin male D-SUB connector, Mounting Hole</description>
      <docs> ~</docs>
      <footprints>
        <fp>DSUB*Male*</fp>
      </footprints>
      <fields>
        <field name="Reference">J</field>
        <field name="Value">DB25_Male_MountingHoles</field>
      </fields>
      <pins>
        <pin num="0" name="PAD" type="passive"/>
        <pin num="1" name="1" type="passive"/>
        <pin num="2" name="2" type="passive"/>
        <pin num="3" name="3" type="passive"/>
        <pin num="4" name="4" type="passive"/>
        <pin num="5" name="5" type="passive"/>
        <pin num="6" name="6" type="passive"/>
        <pin num="7" name="7" type="passive"/>
        <pin num="8" name="8" type="passive"/>
        <pin num="9" name="9" type="passive"/>
        <pin num="10" name="10" type="passive"/>
        <pin num="11" name="11" type="passive"/>
        <pin num="12" name="12" type="passive"/>
        <pin num="13" name="13" type="passive"/>
        <pin num="14" name="P14" type="passive"/>
        <pin num="15" name="P15" type="passive"/>
        <pin num="16" name="P16" type="passive"/>
        <pin num="17" name="P17" type="passive"/>
        <pin num="18" name="P18" type="passive"/>
        <pin num="19" name="P19" type="passive"/>
        <pin num="20" name="P20" type="passive"/>
        <pin num="21" name="P21" type="passive"/>
        <pin num="22" name="P22" type="passive"/>
        <pin num="23" name="P23" type="passive"/>
        <pin num="24" name="P24" type="passive"/>
        <pin num="25" name="P25" type="passive"/>
      </pins>
    </libpart>
    <libpart lib="Connector" part="DB9_Male_MountingHoles">
      <description>9-pin male D-SUB connector, Mounting Hole</description>
      <docs> ~</docs>
      <footprints>
        <fp>DSUB*Male*</fp>
      </footprints>
      <fields>
        <field name="Reference">J</field>
        <field name="Value">DB9_Male_MountingHoles</field>
      </fields>
      <pins>
        <pin num="0" name="PAD" type="passive"/>
        <pin num="1" name="1" type="passive"/>
        <pin num="2" name="2" type="passive"/>
        <pin num="3" name="3" type="passive"/>
        <pin num="4" name="4" type="passive"/>
        <pin num="5" name="5" type="passive"/>
        <pin num="6" name="6" type="passive"/>
        <pin num="7" name="7" type="passive"/>
        <pin num="8" name="8" type="passive"/>
        <pin num="9" name="9" type="passive"/>
      </pins>
    </libpart>
    <libpart lib="Connector_Generic" part="Conn_01x04">
      <description>Generic connector, single row, 01x04, script generated (kicad-library-utils/schlib/autogen/connector/)</description>
      <docs>~</docs>
      <footprints>
        <fp>Connector*:*_1x??_*</fp>
      </footprints>
      <fields>
        <field name="Reference">J</field>
        <field name="Value">Conn_01x04</field>
      </fields>
      <pins>
        <pin num="1" name="Pin_1" type="passive"/>
        <pin num="2" name="Pin_2" type="passive"/>
        <pin num="3" name="Pin_3" type="passive"/>
        <pin num="4" name="Pin_4" type="passive"/>
      </pins>
    </libpart>
    <libpart lib="Connector_Generic" part="Conn_02x05_Odd_Even">
      <description>Generic connector, double row, 02x05, odd/even pin numbering scheme (row 1 odd numbers, row 2 even numbers), script generated (kicad-library-utils/schlib/autogen/connector/)</description>
      <docs>~</docs>
      <footprints>
        <fp>Connector*:*_2x??_*</fp>
      </footprints>
      <fields>
        <field name="Reference">J</field>
        <field name="Value">Conn_02x05_Odd_Even</field>
      </fields>
      <pins>
        <pin num="1" name="Pin_1" type="passive"/>
        <pin num="2" name="Pin_2" type="passive"/>
        <pin num="3" name="Pin_3" type="passive"/>
        <pin num="4" name="Pin_4" type="passive"/>
        <pin num="5" name="Pin_5" type="passive"/>
        <pin num="6" name="Pin_6" type="passive"/>
        <pin num="7" name="Pin_7" type="passive"/>
        <pin num="8" name="Pin_8" type="passive"/>
        <pin num="9" name="Pin_9" type="passive"/>
        <pin num="10" name="Pin_10" type="passive"/>
      </pins>
    </libpart>
    <libpart lib="Device" part="C">
      <description>Unpolarized capacitor</description>
      <docs>~</docs>
      <footprints>
        <fp>C_*</fp>
      </footprints>
      <fields>
        <field name="Reference">C</field>
        <field name="Value">C</field>
      </fields>
      <pins>
        <pin num="1" name="~" type="passive"/>
        <pin num="2" name="~" type="passive"/>
      </pins>
    </libpart>
    <libpart lib="Device" part="CP_Small">
      <description>Polarized capacitor, small symbol</description>
      <docs>~</docs>
      <footprints>
        <fp>CP_*</fp>
      </footprints>
      <fields>
        <field name="Reference">C</field>
        <field name="Value">CP_Small</field>
      </fields>
      <pins>
        <pin num="1" name="~" type="passive"/>
        <pin num="2" name="~" type="passive"/>
      </pins>
    </libpart>
    <libpart lib="Device" part="C_Small">
      <description>Unpolarized capacitor, small symbol</description>
      <docs>~</docs>
      <footprints>
        <fp>C_*</fp>
      </footprints>
      <fields>
        <field name="Reference">C</field>
        <field name="Value">C_Small</field>
      </fields>
      <pins>
        <pin num="1" name="~" type="passive"/>
        <pin num="2" name="~" type="passive"/>
      </pins>
    </libpart>
    <libpart lib="Device" part="LED">
      <description>Light emitting diode</description>
      <docs>~</docs>
      <footprints>
        <fp>LED*</fp>
        <fp>LED_SMD:*</fp>
        <fp>LED_THT:*</fp>
      </footprints>
      <fields>
        <field name="Reference">D</field>
        <field name="Value">LED</field>
      </fields>
      <pins>
        <pin num="1" name="K" type="passive"/>
        <pin num="2" name="A" type="passive"/>
      </pins>
    </libpart>
    <libpart lib="Device" part="R_Small">
      <description>Resistor, small symbol</description>
      <docs>~</docs>
      <footprints>
        <fp>R_*</fp>
      </footprints>
      <fields>
        <field name="Reference">R</field>
        <field name="Value">R_Small</field>
      </fields>
      <pins>
        <pin num="1" name="~" type="passive"/>
        <pin num="2" name="~" type="passive"/>
      </pins>
    </libpart>
    <libpart lib="Device" part="Thermistor_NTC">
      <description>Temperature dependent resistor, negative temperature coefficient</description>
      <docs>~</docs>
      <footprints>
        <fp>*NTC*</fp>
        <fp>*Thermistor*</fp>
        <fp>PIN?ARRAY*</fp>
        <fp>bornier*</fp>
        <fp>*Terminal?Block*</fp>
      </footprints>
      <fields>
        <field name="Reference">TH</field>
        <field name="Value">Thermistor_NTC</field>
      </fields>
      <pins>
        <pin num="1" name="~" type="passive"/>
        <pin num="2" name="~" type="passive"/>
      </pins>
    </libpart>
    <libpart lib="Diode" part="1N4148">
      <aliases>
        <alias>1N4448</alias>
        <alias>1N4149</alias>
        <alias>1N4151</alias>
        <alias>1N914</alias>
        <alias>BA243</alias>
        <alias>BA244</alias>
        <alias>BA282</alias>
        <alias>BA283</alias>
        <alias>BAV17</alias>
        <alias>BAV18</alias>
        <alias>BAV19</alias>
        <alias>BAV20</alias>
        <alias>BAV21</alias>
        <alias>BAW75</alias>
        <alias>BAW76</alias>
        <alias>BAY93</alias>
      </aliases>
      <description>100V 0.15A standard switching diode, DO-35</description>
      <docs>http://www.nxp.com/documents/data_sheet/1N4148_1N4448.pdf</docs>
      <footprints>
        <fp>D*DO?35*</fp>
      </footprints>
      <fields>
        <field name="Reference">D</field>
        <field name="Value">1N4148</field>
        <field name="Footprint">Diode_THT:D_DO-35_SOD27_P7.62mm_Horizontal</field>
      </fields>
      <pins>
        <pin num="1" name="K" type="passive"/>
        <pin num="2" name="A" type="passive"/>
      </pins>
    </libpart>
    <libpart lib="Driver_FET" part="FAN7842">
      <description>High and Low Side Gate Driver, 200V operation, Output Current 350/650mA, SOIC-8</description>
      <docs>http://www.onsemi.com/pub/Collateral/FAN7842-D.pdf</docs>
      <footprints>
        <fp>SOIC*3.9x4.9mm*P1.27mm*</fp>
      </footprints>
      <fields>
        <field name="Reference">U</field>
        <field name="Value">FAN7842</field>
        <field name="Footprint">Package_SO:SOIC-8_3.9x4.9mm_P1.27mm</field>
      </fields>
      <pins>
        <pin num="1" name="VCC" type="power_in"/>
        <pin num="2" name="HIN" type="input"/>
        <pin num="3" name="LIN" type="input"/>
        <pin num="4" name="COM" type="power_in"/>
        <pin num="5" name="LO" type="output"/>
        <pin num="6" name="VS" type="passive"/>
        <pin num="7" name="HO" type="output"/>
        <pin num="8" name="VB" type="passive"/>
      </pins>
    </libpart>
    <libpart lib="MCU_Microchip_PIC16" part="PIC16F1516-ISP">
      <aliases>
        <alias>PIC16F1516-ISO</alias>
        <alias>PIC16F1516-ISS</alias>
      </aliases>
      <description>PIC16F1516, 8192W FLASH, 512B SRAM, SPDIP-28</description>
      <docs>http://ww1.microchip.com/downloads/en/DeviceDoc/41452B.pdf</docs>
      <footprints>
        <fp>DIP*</fp>
        <fp>PDIP*</fp>
        <fp>SO*</fp>
        <fp>SSOP*</fp>
      </footprints>
      <fields>
        <field name="Reference">U</field>
        <field name="Value">PIC16F1516-ISP</field>
      </fields>
      <pins>
        <pin num="1" name="Vpp/~MCLR~/RE3" type="input"/>
        <pin num="2" name="RA0/AN0/~SS" type="BiDi"/>
        <pin num="3" name="RA1/AN1" type="BiDi"/>
        <pin num="4" name="RA2/AN2" type="BiDi"/>
        <pin num="5" name="RA3/AN3/Vref+" type="BiDi"/>
        <pin num="6" name="RA4/T0CKI" type="BiDi"/>
        <pin num="7" name="RA5/AN4/Vcap/~SS" type="BiDi"/>
        <pin num="8" name="VSS" type="power_in"/>
        <pin num="9" name="RA7/OSC1/CLKIN" type="BiDi"/>
        <pin num="10" name="RA6/OSC2/CLKOUT" type="BiDi"/>
        <pin num="11" name="SOSCO/T1CKI/RC0" type="BiDi"/>
        <pin num="12" name="SOSCI/CCP2/RC1" type="BiDi"/>
        <pin num="13" name="CCP1/AN14/RC2" type="BiDi"/>
        <pin num="14" name="SCK/SCL/AN15/RC3" type="BiDi"/>
        <pin num="15" name="SDI/SDA/AN16/RC4" type="BiDi"/>
        <pin num="16" name="SDO/AN17/RC5" type="BiDi"/>
        <pin num="17" name="TX/CK/AN18/RC6" type="BiDi"/>
        <pin num="18" name="RX/DT/AN19/RC7" type="BiDi"/>
        <pin num="19" name="VSS" type="power_in"/>
        <pin num="20" name="VDD" type="power_in"/>
        <pin num="21" name="RB0/AN12/INT/IOC" type="BiDi"/>
        <pin num="22" name="RB1/AN10/IOC" type="BiDi"/>
        <pin num="23" name="RB2/AN8/IOC" type="BiDi"/>
        <pin num="24" name="RB3/AN9/CCP2/IOC" type="BiDi"/>
        <pin num="25" name="RB4/AN11/ADOUT/IOC" type="BiDi"/>
        <pin num="26" name="RB5/AN13/T1G/IOC" type="BiDi"/>
        <pin num="27" name="RB6/ADGRDA/IOC/ICSPCLK/ICDCLK" type="BiDi"/>
        <pin num="28" name="RB7/ADGRDB/IOC/ICSPDAT/ICDDAT" type="BiDi"/>
      </pins>
    </libpart>
    <libpart lib="Switch" part="SW_Push">
      <description>Push button switch, generic, two pins</description>
      <fields>
        <field name="Reference">SW</field>
        <field name="Value">SW_Push</field>
      </fields>
      <pins>
        <pin num="1" name="1" type="passive"/>
        <pin num="2" name="2" type="passive"/>
      </pins>
    </libpart>
  </libparts>
  <libraries>
    <library logical="Connector">
      <uri>C:\Program Files\KiCad\share\kicad\library/Connector.lib</uri>
    </library>
    <library logical="Connector_Generic">
      <uri>C:\Program Files\KiCad\share\kicad\library/Connector_Generic.lib</uri>
    </library>
    <library logical="Device">
      <uri>C:\Program Files\KiCad\share\kicad\library/Device.lib</uri>
    </library>
    <library logical="Diode">
      <uri>C:\Program Files\KiCad\share\kicad\library/Diode.lib</uri>
    </library>
    <library logical="Driver_FET">
      <uri>C:\Program Files\KiCad\share\kicad\library/Driver_FET.lib</uri>
    </library>
    <library logical="MCU_Microchip_PIC16">
      <uri>C:\Program Files\KiCad\share\kicad\library/MCU_Microchip_PIC16.lib</uri>
    </library>
    <library logical="Switch">
      <uri>C:\Program Files\KiCad\share\kicad\library/Switch.lib</uri>
    </library>
  </libraries>
  <nets>
    <net code="1" name="Net-(C6-Pad1)">
      <node ref="C6" pin="1"/>
      <node ref="U2" pin="8"/>
    </net>
    <net code="2" name="Net-(C8-Pad1)">
      <node ref="C8" pin="1"/>
      <node ref="U3" pin="8"/>
    </net>
    <net code="3" name="Net-(C10-Pad1)">
      <node ref="C10" pin="1"/>
      <node ref="U4" pin="8"/>
    </net>
    <net code="4" name="Net-(C12-Pad1)">
      <node ref="C12" pin="1"/>
      <node ref="U5" pin="8"/>
    </net>
    <net code="5" name="Net-(J6-Pad8)">
      <node ref="J6" pin="8"/>
    </net>
    <net code="6" name="Net-(J6-Pad6)">
      <node ref="R40" pin="1"/>
      <node ref="J6" pin="6"/>
    </net>
    <net code="7" name="Net-(J6-Pad3)">
      <node ref="R45" pin="1"/>
      <node ref="J6" pin="3"/>
    </net>
    <net code="8" name="Net-(J6-Pad4)">
      <node ref="R46" pin="1"/>
      <node ref="J6" pin="4"/>
    </net>
    <net code="9" name="+5V">
      <node ref="R41" pin="1"/>
      <node ref="R47" pin="2"/>
      <node ref="R28" pin="1"/>
      <node ref="R49" pin="2"/>
      <node ref="J4" pin="11"/>
      <node ref="J4" pin="24"/>
      <node ref="D15" pin="2"/>
      <node ref="D13" pin="2"/>
      <node ref="U1" pin="20"/>
      <node ref="R48" pin="2"/>
      <node ref="C2" pin="1"/>
      <node ref="J7" pin="2"/>
      <node ref="R22" pin="2"/>
      <node ref="R24" pin="2"/>
      <node ref="C1" pin="1"/>
      <node ref="R23" pin="2"/>
    </net>
    <net code="10" name="Net-(R32-Pad1)">
      <node ref="R32" pin="1"/>
      <node ref="R46" pin="2"/>
    </net>
    <net code="11" name="Net-(R29-Pad1)">
      <node ref="R29" pin="1"/>
      <node ref="TH1" pin="1"/>
      <node ref="R41" pin="2"/>
    </net>
    <net code="12" name="Net-(C5-Pad1)">
      <node ref="C5" pin="1"/>
      <node ref="R45" pin="2"/>
      <node ref="R44" pin="2"/>
      <node ref="R31" pin="1"/>
    </net>
    <net code="13" name="Net-(R36-Pad1)">
      <node ref="R36" pin="1"/>
      <node ref="R48" pin="1"/>
      <node ref="SW1" pin="2"/>
    </net>
    <net code="14" name="Net-(D16-Pad1)">
      <node ref="R35" pin="1"/>
      <node ref="J6" pin="9"/>
      <node ref="D16" pin="1"/>
    </net>
    <net code="15" name="Net-(D16-Pad2)">
      <node ref="R47" pin="1"/>
      <node ref="D16" pin="2"/>
    </net>
    <net code="16" name="Net-(J6-Pad0)">
      <node ref="J6" pin="0"/>
    </net>
    <net code="17" name="Net-(J6-Pad1)">
      <node ref="J6" pin="1"/>
    </net>
    <net code="18" name="Net-(J6-Pad2)">
      <node ref="J6" pin="2"/>
    </net>
    <net code="19" name="Net-(J6-Pad5)">
      <node ref="J6" pin="5"/>
    </net>
    <net code="20" name="Net-(D14-Pad2)">
      <node ref="R42" pin="1"/>
      <node ref="D14" pin="2"/>
    </net>
    <net code="21" name="Net-(D13-Pad1)">
      <node ref="R38" pin="1"/>
      <node ref="D13" pin="1"/>
    </net>
    <net code="22" name="Net-(D15-Pad1)">
      <node ref="D15" pin="1"/>
      <node ref="R43" pin="1"/>
    </net>
    <net code="23" name="Net-(J9-Pad3)">
      <node ref="J9" pin="3"/>
      <node ref="U3" pin="7"/>
      <node ref="J9" pin="4"/>
    </net>
    <net code="24" name="Net-(J8-Pad3)">
      <node ref="U2" pin="7"/>
      <node ref="J8" pin="4"/>
      <node ref="J8" pin="3"/>
    </net>
    <net code="25" name="Net-(J9-Pad7)">
      <node ref="U3" pin="5"/>
      <node ref="J9" pin="8"/>
      <node ref="J9" pin="7"/>
    </net>
    <net code="26" name="Net-(J10-Pad3)">
      <node ref="U4" pin="7"/>
      <node ref="J10" pin="4"/>
      <node ref="J10" pin="3"/>
    </net>
    <net code="27" name="Net-(J10-Pad7)">
      <node ref="U4" pin="5"/>
      <node ref="J10" pin="8"/>
      <node ref="J10" pin="7"/>
    </net>
    <net code="28" name="Net-(J11-Pad3)">
      <node ref="J11" pin="4"/>
      <node ref="J11" pin="3"/>
      <node ref="U5" pin="7"/>
    </net>
    <net code="29" name="Net-(J11-Pad7)">
      <node ref="U5" pin="5"/>
      <node ref="J11" pin="7"/>
      <node ref="J11" pin="8"/>
    </net>
    <net code="30" name="Net-(J8-Pad7)">
      <node ref="U2" pin="5"/>
      <node ref="J8" pin="8"/>
      <node ref="J8" pin="7"/>
    </net>
    <net code="31" name="Net-(C6-Pad2)">
      <node ref="U2" pin="6"/>
      <node ref="C6" pin="2"/>
      <node ref="J8" pin="5"/>
      <node ref="J8" pin="6"/>
    </net>
    <net code="32" name="Net-(J4-Pad2)">
      <node ref="J4" pin="2"/>
    </net>
    <net code="33" name="Net-(J4-Pad3)">
      <node ref="J4" pin="3"/>
    </net>
    <net code="34" name="Net-(J4-Pad4)">
      <node ref="J4" pin="4"/>
    </net>
    <net code="35" name="Net-(J4-Pad5)">
      <node ref="J4" pin="5"/>
    </net>
    <net code="36" name="Net-(J4-Pad18)">
      <node ref="J4" pin="18"/>
    </net>
    <net code="37" name="Net-(J4-Pad6)">
      <node ref="J4" pin="6"/>
    </net>
    <net code="38" name="Net-(J4-Pad19)">
      <node ref="J4" pin="19"/>
    </net>
    <net code="39" name="Net-(J4-Pad8)">
      <node ref="J4" pin="8"/>
    </net>
    <net code="40" name="Net-(J4-Pad10)">
      <node ref="J4" pin="10"/>
    </net>
    <net code="41" name="Net-(C8-Pad2)">
      <node ref="J9" pin="5"/>
      <node ref="U3" pin="6"/>
      <node ref="C8" pin="2"/>
      <node ref="J9" pin="6"/>
    </net>
    <net code="42" name="Net-(C10-Pad2)">
      <node ref="J10" pin="5"/>
      <node ref="U4" pin="6"/>
      <node ref="J10" pin="6"/>
      <node ref="C10" pin="2"/>
    </net>
    <net code="43" name="Net-(C12-Pad2)">
      <node ref="J11" pin="6"/>
      <node ref="J11" pin="5"/>
      <node ref="U5" pin="6"/>
      <node ref="C12" pin="2"/>
    </net>
    <net code="44" name="GND">
      <node ref="J8" pin="9"/>
      <node ref="J9" pin="1"/>
      <node ref="J8" pin="10"/>
      <node ref="J8" pin="1"/>
      <node ref="D17" pin="1"/>
      <node ref="J9" pin="10"/>
      <node ref="J4" pin="0"/>
      <node ref="J9" pin="2"/>
      <node ref="D5" pin="1"/>
      <node ref="D2" pin="1"/>
      <node ref="J7" pin="3"/>
      <node ref="D12" pin="1"/>
      <node ref="D10" pin="1"/>
      <node ref="R39" pin="1"/>
      <node ref="C3" pin="2"/>
      <node ref="J5" pin="4"/>
      <node ref="J3" pin="4"/>
      <node ref="J2" pin="4"/>
      <node ref="J1" pin="4"/>
      <node ref="J4" pin="23"/>
      <node ref="D6" pin="1"/>
      <node ref="D3" pin="1"/>
      <node ref="D4" pin="1"/>
      <node ref="J4" pin="12"/>
      <node ref="D11" pin="1"/>
      <node ref="D9" pin="1"/>
      <node ref="D8" pin="1"/>
      <node ref="D7" pin="1"/>
      <node ref="J4" pin="1"/>
      <node ref="U1" pin="8"/>
      <node ref="C1" pin="2"/>
      <node ref="C2" pin="2"/>
      <node ref="U1" pin="19"/>
      <node ref="J11" pin="2"/>
      <node ref="J11" pin="9"/>
      <node ref="D14" pin="1"/>
      <node ref="J11" pin="1"/>
      <node ref="C4" pin="2"/>
      <node ref="J9" pin="9"/>
      <node ref="J10" pin="1"/>
      <node ref="J11" pin="10"/>
      <node ref="C5" pin="2"/>
      <node ref="J6" pin="7"/>
      <node ref="J8" pin="2"/>
      <node ref="J10" pin="10"/>
      <node ref="J10" pin="2"/>
      <node ref="J10" pin="9"/>
      <node ref="C7" pin="2"/>
      <node ref="SW1" pin="1"/>
      <node ref="C9" pin="2"/>
      <node ref="C11" pin="2"/>
      <node ref="U3" pin="4"/>
      <node ref="U2" pin="4"/>
      <node ref="U4" pin="4"/>
      <node ref="U5" pin="4"/>
      <node ref="TH1" pin="2"/>
      <node ref="R44" pin="1"/>
      <node ref="C13" pin="2"/>
    </net>
    <net code="45" name="Net-(D17-Pad2)">
      <node ref="D17" pin="2"/>
      <node ref="R49" pin="1"/>
    </net>
    <net code="46" name="Net-(R3-Pad1)">
      <node ref="R3" pin="1"/>
      <node ref="R7" pin="1"/>
      <node ref="U1" pin="12"/>
    </net>
    <net code="47" name="Net-(R5-Pad1)">
      <node ref="U1" pin="11"/>
      <node ref="R5" pin="1"/>
    </net>
    <net code="48" name="Net-(R1-Pad1)">
      <node ref="R1" pin="1"/>
      <node ref="U1" pin="13"/>
      <node ref="R10" pin="1"/>
    </net>
    <net code="49" name="Net-(D1-Pad2)">
      <node ref="D1" pin="2"/>
      <node ref="R1" pin="2"/>
    </net>
    <net code="50" name="Net-(J4-Pad15)">
      <node ref="R17" pin="2"/>
      <node ref="R23" pin="1"/>
      <node ref="J4" pin="15"/>
    </net>
    <net code="51" name="Net-(R27-Pad2)">
      <node ref="U1" pin="22"/>
      <node ref="R27" pin="2"/>
    </net>
    <net code="52" name="Net-(R29-Pad2)">
      <node ref="R29" pin="2"/>
      <node ref="U1" pin="23"/>
    </net>
    <net code="53" name="Net-(R31-Pad2)">
      <node ref="R31" pin="2"/>
      <node ref="U1" pin="24"/>
    </net>
    <net code="54" name="Net-(R32-Pad2)">
      <node ref="U1" pin="25"/>
      <node ref="R32" pin="2"/>
    </net>
    <net code="55" name="Net-(R34-Pad2)">
      <node ref="U1" pin="26"/>
      <node ref="R34" pin="2"/>
    </net>
    <net code="56" name="Net-(J7-Pad5)">
      <node ref="R35" pin="2"/>
      <node ref="J7" pin="5"/>
      <node ref="U1" pin="27"/>
    </net>
    <net code="57" name="Net-(D3-Pad2)">
      <node ref="D3" pin="2"/>
      <node ref="R5" pin="2"/>
    </net>
    <net code="58" name="Net-(D4-Pad2)">
      <node ref="D4" pin="2"/>
      <node ref="R7" pin="2"/>
    </net>
    <net code="59" name="Net-(D6-Pad2)">
      <node ref="R10" pin="2"/>
      <node ref="D6" pin="2"/>
    </net>
    <net code="60" name="Net-(J4-Pad14)">
      <node ref="J4" pin="14"/>
      <node ref="R24" pin="1"/>
      <node ref="R15" pin="2"/>
    </net>
    <net code="61" name="Net-(J4-Pad13)">
      <node ref="U1" pin="15"/>
      <node ref="J4" pin="13"/>
    </net>
    <net code="62" name="Net-(R15-Pad1)">
      <node ref="U1" pin="16"/>
      <node ref="R15" pin="1"/>
    </net>
    <net code="63" name="Net-(R17-Pad1)">
      <node ref="R17" pin="1"/>
      <node ref="U1" pin="17"/>
    </net>
    <net code="64" name="Net-(R20-Pad1)">
      <node ref="U1" pin="18"/>
      <node ref="R20" pin="1"/>
    </net>
    <net code="65" name="Net-(J4-Pad22)">
      <node ref="J4" pin="22"/>
      <node ref="R22" pin="1"/>
      <node ref="R20" pin="2"/>
    </net>
    <net code="66" name="Net-(J4-Pad20)">
      <node ref="R43" pin="2"/>
      <node ref="R25" pin="1"/>
      <node ref="J4" pin="20"/>
    </net>
    <net code="67" name="Net-(J4-Pad17)">
      <node ref="R34" pin="1"/>
      <node ref="R42" pin="2"/>
      <node ref="J4" pin="17"/>
    </net>
    <net code="68" name="Net-(J4-Pad7)">
      <node ref="R3" pin="2"/>
      <node ref="J4" pin="7"/>
    </net>
    <net code="69" name="Net-(D1-Pad1)">
      <node ref="D1" pin="1"/>
      <node ref="J4" pin="21"/>
    </net>
    <net code="70" name="Net-(R25-Pad2)">
      <node ref="U1" pin="21"/>
      <node ref="R25" pin="2"/>
    </net>
    <net code="71" name="Net-(J4-Pad25)">
      <node ref="J4" pin="25"/>
      <node ref="U1" pin="14"/>
    </net>
    <net code="72" name="Net-(J3-Pad2)">
      <node ref="R13" pin="1"/>
      <node ref="J3" pin="2"/>
      <node ref="U4" pin="1"/>
      <node ref="R21" pin="2"/>
    </net>
    <net code="73" name="Net-(R6-Pad2)">
      <node ref="U1" pin="3"/>
      <node ref="R6" pin="2"/>
    </net>
    <net code="74" name="Net-(R13-Pad2)">
      <node ref="U1" pin="6"/>
      <node ref="R13" pin="2"/>
    </net>
    <net code="75" name="Net-(R11-Pad2)">
      <node ref="R11" pin="2"/>
      <node ref="U1" pin="5"/>
    </net>
    <net code="76" name="Net-(J2-Pad2)">
      <node ref="R12" pin="2"/>
      <node ref="J2" pin="2"/>
      <node ref="R9" pin="1"/>
      <node ref="U3" pin="1"/>
    </net>
    <net code="77" name="Net-(R9-Pad2)">
      <node ref="R9" pin="2"/>
      <node ref="U1" pin="4"/>
    </net>
    <net code="78" name="Net-(J1-Pad3)">
      <node ref="U2" pin="2"/>
      <node ref="R6" pin="1"/>
      <node ref="R8" pin="2"/>
      <node ref="J1" pin="3"/>
    </net>
    <net code="79" name="Net-(J1-Pad2)">
      <node ref="U2" pin="1"/>
      <node ref="R2" pin="2"/>
      <node ref="J1" pin="2"/>
      <node ref="R4" pin="1"/>
    </net>
    <net code="80" name="Net-(R4-Pad2)">
      <node ref="U1" pin="2"/>
      <node ref="R4" pin="2"/>
    </net>
    <net code="81" name="Net-(J7-Pad4)">
      <node ref="R36" pin="2"/>
      <node ref="J7" pin="4"/>
      <node ref="U1" pin="28"/>
    </net>
    <net code="82" name="Net-(R19-Pad2)">
      <node ref="R19" pin="2"/>
      <node ref="U1" pin="9"/>
    </net>
    <net code="83" name="Net-(J5-Pad2)">
      <node ref="U5" pin="1"/>
      <node ref="R33" pin="2"/>
      <node ref="J5" pin="2"/>
      <node ref="R16" pin="1"/>
    </net>
    <net code="84" name="Net-(R16-Pad2)">
      <node ref="R16" pin="2"/>
      <node ref="U1" pin="10"/>
    </net>
    <net code="85" name="Net-(R14-Pad2)">
      <node ref="R14" pin="2"/>
      <node ref="U1" pin="7"/>
    </net>
    <net code="86" name="Net-(D7-Pad2)">
      <node ref="R12" pin="1"/>
      <node ref="D7" pin="2"/>
    </net>
    <net code="87" name="Net-(J2-Pad3)">
      <node ref="U3" pin="2"/>
      <node ref="R18" pin="2"/>
      <node ref="J2" pin="3"/>
      <node ref="R11" pin="1"/>
    </net>
    <net code="88" name="Net-(D8-Pad2)">
      <node ref="D8" pin="2"/>
      <node ref="R18" pin="1"/>
    </net>
    <net code="89" name="Net-(D9-Pad2)">
      <node ref="D9" pin="2"/>
      <node ref="R21" pin="1"/>
    </net>
    <net code="90" name="Net-(D11-Pad2)">
      <node ref="D11" pin="2"/>
      <node ref="R33" pin="1"/>
    </net>
    <net code="91" name="Net-(D2-Pad2)">
      <node ref="R2" pin="1"/>
      <node ref="D2" pin="2"/>
    </net>
    <net code="92" name="Net-(D5-Pad2)">
      <node ref="D5" pin="2"/>
      <node ref="R8" pin="1"/>
    </net>
    <net code="93" name="Net-(C4-Pad1)">
      <node ref="C4" pin="1"/>
      <node ref="R40" pin="2"/>
      <node ref="R39" pin="2"/>
      <node ref="R27" pin="1"/>
    </net>
    <net code="94" name="Net-(J3-Pad3)">
      <node ref="U4" pin="2"/>
      <node ref="J3" pin="3"/>
      <node ref="R14" pin="1"/>
      <node ref="R30" pin="2"/>
    </net>
    <net code="95" name="Net-(D10-Pad2)">
      <node ref="R30" pin="1"/>
      <node ref="D10" pin="2"/>
    </net>
    <net code="96" name="Net-(J5-Pad3)">
      <node ref="J5" pin="3"/>
      <node ref="R37" pin="2"/>
      <node ref="R19" pin="1"/>
      <node ref="U5" pin="2"/>
    </net>
    <net code="97" name="Net-(D12-Pad2)">
      <node ref="D12" pin="2"/>
      <node ref="R37" pin="1"/>
    </net>
    <net code="98" name="Net-(J7-Pad1)">
      <node ref="J7" pin="1"/>
      <node ref="U1" pin="1"/>
      <node ref="R26" pin="1"/>
    </net>
    <net code="99" name="+12VA">
      <node ref="C7" pin="1"/>
      <node ref="U4" pin="3"/>
      <node ref="C13" pin="1"/>
      <node ref="J4" pin="9"/>
      <node ref="U3" pin="3"/>
      <node ref="U5" pin="3"/>
      <node ref="C9" pin="1"/>
      <node ref="C11" pin="1"/>
      <node ref="U2" pin="3"/>
      <node ref="J5" pin="1"/>
      <node ref="J3" pin="1"/>
      <node ref="J1" pin="1"/>
      <node ref="J2" pin="1"/>
    </net>
    <net code="100" name="Net-(C3-Pad1)">
      <node ref="R26" pin="2"/>
      <node ref="R28" pin="2"/>
      <node ref="C3" pin="1"/>
    </net>
    <net code="101" name="Net-(J4-Pad16)">
      <node ref="R38" pin="2"/>
      <node ref="J4" pin="16"/>
    </net>
  </nets>
</export>
