"Id";"Designator";"Package";"Quantity";"Designation";"Supplier and ref";
1;"J14,J13";"PinHeader_1x02_P2.54mm_Vertical";2;" ";;;
2;"J12";"PinHeader_1x02_P2.54mm_Vertical";1;"Conn_01x02_Male";;;
3;"C1,C4,C5";"CP_Radial_D4.0mm_P2.00mm";3;"0.1";;;
4;"C3";"CP_Radial_D4.0mm_P2.00mm";1;"1uF";;;
5;"C6";"CP_Radial_D4.0mm_P2.00mm";1;"0.47uF 100V";;;
6;"C11,C13,C9,C7";"CP_Radial_D6.3mm_P2.50mm";4;"1uF 100V";;;
7;"C12";"CP_Radial_D6.3mm_P2.50mm";1;"0.47uf 100V";;;
8;"C10";"CP_Radial_D6.3mm_P2.50mm";1;"0,47uF 100V";;;
9;"C2";"CP_Radial_D6.3mm_P2.50mm";1;"10uF";;;
10;"C8";"CP_Radial_D6.3mm_P2.50mm";1;"0.47uF 100V";;;
11;"D12,D2,D14,D10,D11,D9,D8,D7,D5";"LED_D3.0mm_FlatTop";9;"YEL";;;
12;"D3,D16";"LED_D3.0mm_FlatTop";2;"ORG";;;
13;"D4";"LED_D3.0mm_FlatTop";1;"GRN";;;
14;"D17";"LED_D3.0mm_FlatTop";1;"LED";;;
15;"D15,D6,D13";"LED_D3.0mm_FlatTop";3;"RED";;;
16;"R41,R45,R40";"R_Axial_DIN0207_L6.3mm_D2.5mm_P7.62mm_Horizontal";3;"10K";;;
17;"R31,R32,R34,R26,R13,R29,R15,R9,R6,R4,R3,R27,R14,R17,R19,R20,R25,R1,R11,R16";"R_Axial_DIN0207_L6.3mm_D2.5mm_P7.62mm_Horizontal";20;"10";;;
18;"R33,R37,R38,R42,R43,R47,R49,R30,R8,R7,R5,R2,R12,R18,R21,R10";"R_Axial_DIN0207_L6.3mm_D2.5mm_P7.62mm_Horizontal";16;"330";;;
19;"R35,R36,R48,R22,R23,R24";"R_Axial_DIN0207_L6.3mm_D2.5mm_P7.62mm_Horizontal";6;"1K";;;
20;"R39,R44,R46";"R_Axial_DIN0207_L6.3mm_D2.5mm_P7.62mm_Horizontal";3;"100";;;
21;"R28";"R_Axial_DIN0207_L6.3mm_D2.5mm_P7.62mm_Horizontal";1;"3K3";;;
22;"J9,J11,J10,J8";"IDC-Header_2x05_P2.54mm_Vertical";4;" ";;;
23;"U1";"DIP-28_W7.62mm_Socket_LongPads";1;"PIC16F15356";;;
24;"U3,U2,U4,U5";"SOIC-8_3.9x4.9mm_P1.27mm";4;"L6387E";;;
25;"SW1";"SW_PUSH-12mm";1;" ";;;
26;"J4";"DSUB-25_Female_Vertical_P2.77x2.84mm_MountingHoles";1;"DB25_Bus Female";;;
27;"J6";"DSUB-9_Male_Vertical_P2.77x2.84mm_MountingHoles";1;"DB9_Male Vert";;;
28;"J2";"JST_EH_B04B-EH-A_1x04_P2.50mm_Vertical";1;"AL";;;
29;"J3";"JST_EH_B04B-EH-A_1x04_P2.50mm_Vertical";1;"BR";;;
30;"J1";"JST_EH_B04B-EH-A_1x04_P2.50mm_Vertical";1;"AR";;;
31;"J5";"JST_EH_B04B-EH-A_1x04_P2.50mm_Vertical";1;"BL";;;
32;"J7";"PinHeader_1x05_P2.54mm_Vertical";1;"Prog";;;
33;"TH1";"R_Axial_DIN0204_L3.6mm_D1.6mm_P1.90mm_Vertical";1;"Therm";;;
34;"D1";"D_DO-35_SOD27_P7.62mm_Horizontal";1;"1N4148";;;
