Qty,Reference,Description,Value,Manufacturer,Manufacturer part No,Supplier,Supplier part No
2,"U1,U3",LM317K-AA3-R IC V REG ADJ SOT-223,LM317_SOT-223,UTC,LM317K-AA3-R,Quick-teck,QCI-01728
2,"R14,R15",0603 43R 1%,43R,YAGEO,RC0603FR-0743RL,Quick-teck,QCR-00217
1,R13,0603 51R 1%,51R,YAGEO,RC0603FR-0751RL,Quick-teck,QCR-00219
2,"R10,R12",0603 3K 1%,3K,RALEC,RTT033001FTP,Quick-teck,QCR-00168
2,"R6,R8",0603 4K3 1%,4K3,UNIOHM,0603WAF4301T5E,Quick-teck,QCR-00235
2,"R5,R7",0603 91R 1%,91R,RALEC,RTT0691R0FTP,Quick-teck,QCR-00225
2,"R2,R4",0603 9K1 1%,9K1,UNIOHM,0603F910T5E,Quick-teck,QCR-00243
4,"R1,R3,R9,R11",0603 1k 1%,1K,YAGEO,RC0603FR-071KL,Quick-teck,QCR-00157
1,J1,SMA RF Connectors Female Gold PTH,Conn_Coaxial,Quick-teck,SMA-KE,Quick-teck,QCJ-00167
13,"C2,C3,C5,C6,C8,C9,C11,C14,C15,C17,C18,C19,C21",0603 100nF 50V 10% X7R,100 nF,SAMSUNG,CL10B104KB8NNNC,Quick-teck,QCC-00052
8,"C1,C4,C7,C10,C12,C16,C20,C22",0603 10uF 25V ±20% X5R,10 uF,muRata,GRM188R61E106MA73D,Quick-teck,QCC-00478
2,"U2,U4",Linear Voltage Regulators 3-Term Adj Neg Reg A 926-LM337IMP/NOPB,LM337_SOT223,Texas Instruments,LM337IMPX/NOPB,Mouser,926-LM337IMPX/NOPB
1,OP1,"Single Low-Power, 3.9GHz, Wideband, Ultra-Low Noise, Voltage-Feedback Operational Amplifier with Disable, SO-8",OPA847,Texas Instruments,OPA847IDBVT,Mouser,595-OPA847IDBVT
6,"J3,J4,J5,J6,J7,J8",IC & Component Sockets SOCK PC SOLDER MOUN,Conn_01x01_Pin,MILL-MAX,0322-0-15-15-34-27-10-0,Mouser,575-032201515
1,J2,22-23-2031,22-23-2031,Molex,22-23-2031,Mouser,538-22-23-2031
1,C13,"Multilayer Ceramic Capacitors MLCC - SMD/SMT 0.3pF,+-0.25%,50V",0.3 pF,Walsin,0603N0R3C500CT,Mouser,791-0603N0R3C500CT
,,,,,,,
,,,,,,,
,,,,,,,
BOM lines,16,,,,,,
Total components quantity ,50,,,,,,