"Id";"Designator";"Package";"Quantity";"Designation";"Supplier and ref";
1;"F1";"Fuse_Blade_Mini_directSolder";1;"5A";;;
2;"D1";"D_DO-15_P10.16mm_Horizontal";1;"4V7";;;
3;"J2";"JST_EH_B03B-EH-A_1x03_P2.50mm_Vertical";1;"Male";;;
4;"D2";"TO-220-2_Vertical";1;"BYV79-100";;;
5;"Q2";"TO-92_Inline";1;"2SC1941";;;
6;"R5,R1";"R_Axial_DIN0207_L6.3mm_D2.5mm_P15.24mm_Horizontal";2;"22K";;;
7;"R4";"R_Axial_DIN0207_L6.3mm_D2.5mm_P15.24mm_Horizontal";1;"1K";;;
8;"R3,R2";"R_Axial_DIN0207_L6.3mm_D2.5mm_P15.24mm_Horizontal";2;"10K";;;
9;"J4";"TerminalBlock_bornier-2_P5.08mm";1;"12V";;;
10;"J3";"TerminalBlock_bornier-2_P5.08mm";1;"OUT";;;
11;"J1";"TerminalBlock_bornier-2_P5.08mm";1;"48V";;;
12;"Q1";"TO-220-3_Vertical";1;"BUK545";;;
