Component,Quantity,Footprint,Supplier,Part Number
ESP32-WROOM-32,1,Module,Mouser,ESP32-WROOM-32
SI4689-A10-GM,1,QFN,Mouser,SI4689-A10-GM
PCM5102A DAC,1,SOIC,Mouser,PCM5102A
TDA7492 Amplifier,1,THT,Mouser,TDA7492
10k Resistor (0805),4,0805,LCSC,RC0805JR-0710KL
100nF Capacitor (0805),5,0805,LCSC,CC0805KRX7R9BB104
10uF Capacitor (0805),2,0805,LCSC,GRM21BR61C106KE15L
12V DC Power Jack,1,THT,LCSC,PJ-102A
Coaxial Antenna Connector,1,THT,LCSC,CNX82A
Rotary Encoder,1,THT,LCSC,EC11E15244A6
Push Buttons,4,THT,LCSC,EVQ-P7J01P
OLED Display,1,I2C,AliExpress,SSD1306
Speaker 8Ω 10W,2,THT,AliExpress,SPK08-10W
