Component,Reference,X (mm),Y (mm),Rotation (deg),Side
ESP32-WROOM-32,U1,50,60,0,Top
SI4689-A10-GM,U2,30,40,90,Top
PCM5102A DAC,U3,60,50,0,Top
TDA7492 Amplifier,U4,80,50,180,Top
10k Resistor (0805),R1-R4,35,30,0,Top
100nF Capacitor (0805),C1-C5,40,35,0,Top
10uF Capacitor (0805),C6-C7,45,38,0,Top
12V DC Power Jack,J1,10,5,0,Top
Coaxial Antenna Connector,J2,5,10,0,Top
Rotary Encoder,ENC1,20,15,0,Top
Push Buttons,SW1-SW4,25,20,0,Top
OLED Display,DISP1,70,75,0,Top
Speaker 8Ω 10W,SPK1-SPK2,90,80,0,Top
