"Id";"Designator";"Footprint";"Quantity";"Designation";"Supplier and ref";
1;"L18,L1,L17";"L_Bourns-SRU8028_8.0x8.0mm";3;"DNP";;;
2;"X1";"Oscillator_SMD_SeikoEpson_SG8002CE-4Pin_3.2x2.5mm";1;"ECS-120-20-33-AEM-TR";;;
3;"D10";"D_SMB";1;"P6SMB24CA";;;
4;"D4,D1,D2,D20";"D_SOD-523";4;"PESD5V0V1BB,115";;;
5;"L6,L8,L15,L10,L12,L14,L13,L9";"L_0603_1608Metric_Pad1.05x0.95mm_HandSolder";8;"BRL1608T4R7M";;;
6;"C42,C51,C77,C83,C2,C18,C92,C25,C80,C93,C50,C100,C71,C16,C81,C67,C46,C29,C79,C6,C108,C111,C21,C66,C74,C27,C118,C78,C39,C47,C53,C30,C101,C82,C52,C113,C87,C17,C23,C1,C68,C105,C31,C13,C59,C54,C76,C28,C110,C7,C22,C119,C38,C89,C26,C107,C95,C62,C96,C10,C98,C20,C5";"C_0603_1608Metric_Pad1.08x0.95mm_HandSolder";63;"100nF";;;
7;"R1,R66,R65,R3,R70,R72,R64,R37,R71";"R_0603_1608Metric_Pad0.98x0.95mm_HandSolder";9;"1K";;;
8;"D5";"SOT-23-3";1;"BAV99,LM";;;
9;"R25,R7,R28,R14,R23,R15,R29,R10";"R_0603_1608Metric_Pad0.98x0.95mm_HandSolder";8;"1K 0.1%";;;
10;"C114,C88,C84,C24,C4,C34,C97,C72,C57,C75,C115,C33,C112,C94,C70";"C_0603_1608Metric_Pad1.08x0.95mm_HandSolder";15;"1uF";;;
11;"R81,R56";"R_0603_1608Metric_Pad0.98x0.95mm_HandSolder";2;"604R 0.1%";;;
12;"C86,C37,C40,C32,C8";"CP_EIA-7343-15_Kemet-W_Pad2.25x2.55mm_HandSolder";5;"100uF";;;
13;"R67,R4,R50,R39,R6,R43,R5,R49";"R_0603_1608Metric_Pad0.98x0.95mm_HandSolder";8;"10K";;;
14;"U1,U6,U12,U4";"TSSOP-24_4.4x7.8mm_P0.65mm";4;"ADG1414BRU";;;
15;"U14,U10,U11,U13,U8,U9";"SOT-23-5_HandSoldering";6;"MCP60711T-E/OT";;;
16;"R22,R8";"R_0603_1608Metric_Pad0.98x0.95mm_HandSolder";2;"0R";;;
17;"S3,S1,S2";"SW_SPST_EVQPE1";3;"PTS636-SK43J-SMTR-LFS";;;
18;"R96,R95";"R_0603_1608Metric_Pad0.98x0.95mm_HandSolder";2;"1.5R";;;
19;"D13,D6,D21,D17,D16,D7,D8,D15,D9,D19,D18,D22,D23";"D_0603_1608Metric_Pad1.05x0.95mm_HandSolder";13;"XGD10603MR";;;
20;"R88,R58,R60";"R_0603_1608Metric_Pad0.98x0.95mm_HandSolder";3;"10R";;;
21;"C19,C14,C11,C48,C58,C12,C49";"CP_EIA-3528-12_Kemet-T_Pad1.50x2.35mm_HandSolder";7;"10uF";;;
22;"U3,U2,U7";"MSOP-8_3x3mm_P0.65mm";3;"MCP6D11-E/MS";;;
23;"C125,C45,C15,C124,C43";"C_0603_1608Metric_Pad1.08x0.95mm_HandSolder";5;"22pF";;;
24;"C109,C73";"C_0603_1608Metric_Pad1.08x0.95mm_HandSolder";2;"4p7 +/-0.25pF";;;
25;"C126,C60,C127,C3";"C_0603_1608Metric_Pad1.08x0.95mm_HandSolder";4;"100pF";;;
26;"C36,C91,C85,C41,C117,C90,C9";"C_0603_1608Metric_Pad1.08x0.95mm_HandSolder";7;"10uF";;;
27;"IC4";"SOT-23-6_Handsoldering";1;"TPS3702CX50DDCT";;;
28;"R55,R82";"R_0603_1608Metric_Pad0.98x0.95mm_HandSolder";2;"2.2K 0.1%";;;
29;"L19,L16";"51105C";2;"51105C";;;
30;"R24,R12,R78,R27,R26,R31,R16,R9,R13";"R_0603_1608Metric_Pad0.98x0.95mm_HandSolder";9;"1K5 0.1%";;;
31;"R92,R36,R34,R19,R32,R20,R38,R41,R35,R18,R40";"R_0603_1608Metric_Pad0.98x0.95mm_HandSolder";11;"100K";;;
32;"R89,R63,R61";"R_0603_1608Metric_Pad0.98x0.95mm_HandSolder";3;"24.9K 0.1%";;;
33;"C102,C55,C56,C103";"C_0603_1608Metric_Pad1.08x0.95mm_HandSolder";4;"1nF";;;
34;"C122,C121";"C_0603_1608Metric_Pad1.08x0.95mm_HandSolder";2;"220pF";;;
35;"U15";"SOIC-14_3.9x8.7mm_P1.27mm";1;"AD8402ARZ1";;;
36;"R46,R75";"R_0603_1608Metric_Pad0.98x0.95mm_HandSolder";2;"100R";;;
37;"F1";"OMNI-BLOK";1;"0154002.DR";;;
38;"R93,R69";"R_0603_1608Metric_Pad0.98x0.95mm_HandSolder";2;"30K 0.1%";;;
39;"D11,D12,D24,LED1";"LED_0805_2012Metric_Pad1.15x1.40mm_HandSolder";4;"LTST-C171GKT";;;
40;"Q3";"SO-8_3.9x4.9mm_P1.27mm";1;"JFE2140DR";;;
41;"R90,R57";"R_0603_1608Metric_Pad0.98x0.95mm_HandSolder";2;"499K";;;
42;"IC1";"SO-8_3.9x4.9mm_P1.27mm";1;"NT3H2111W0FT1X";;;
43;"R76,R44";"R_0603_1608Metric_Pad0.98x0.95mm_HandSolder";2;"3.65K 0.1%";;;
44;"R2";"R_1206_3216Metric";1;"82R";;;
45;"R47";"R_0603_1608Metric_Pad0.98x0.95mm_HandSolder";1;"4.99K";;;
46;"U5,U16";"SOIC-16_3.9x9.9mm_P1.27mm";2;"PI5A100WEX";;;
47;"R84,R94,R51,R68";"R_0603_1608Metric_Pad0.98x0.95mm_HandSolder";4;"10K 0.1%";;;
48;"FB2,FB1";"L_0805_2012Metric_Pad1.05x1.20mm_HandSolder";2;"74279220601";;;
49;"R85,R54";"R_0603_1608Metric_Pad0.98x0.95mm_HandSolder";2;"732R 0.1%";;;
50;"IC11";"SOIC-8_3.9x4.9mm_P1.27mm";1;"LT1632CS8#PBF";;;
51;"R17,R30";"R_0603_1608Metric_Pad0.98x0.95mm_HandSolder";2;"2K 0.1%";;;
52;"TRIM1";"Potentiometer_Bourns_3224W_Vertical";1;"3224W-1-502E";;;
53;"R91,R79,R33";"R_0603_1608Metric_Pad0.98x0.95mm_HandSolder";3;"120R";;;
54;"L5,L4,L2,L3";"L_0805_2012Metric_Pad1.05x1.20mm_HandSolder";4;"MH2029-300Y";;;
55;"Q2";"SOIC-8_3.9x4.9mm_P1.27mm";1;"IRF7309TRPBF";;;
56;"C64,C106,C104,C61";"C_0603_1608Metric_Pad1.08x0.95mm_HandSolder";4;"47pF";;;
57;"IC2";"SOT-89-5";1;"R1173H331B";;;
58;"R77,R80";"R_0603_1608Metric_Pad0.98x0.95mm_HandSolder";2;"5.1K";;;
59;"R62";"R_0603_1608Metric_Pad0.98x0.95mm_HandSolder";1;"10M";;;
60;"C99,C116,C44";"C_0603_1608Metric_Pad1.08x0.95mm_HandSolder";3;"10nF";;;
61;"Q4";"SOT-23";1;"ZXTN07045EFFTA";;;
62;"D3,D14";"D_SOD-323_HandSoldering";2;"1N914BWS";;;
63;"J3";"PinHeader_2x05_P1.27mm_Vertical";1;"SHF-105-01-L-D-TH-TR";;;
64;"IC9";"MSOP-8_3x3mm_P0.65mm";1;"LT1994CMS8#PBF";;;
65;"IC8";"SOIC-8_3.9x4.9mm_P1.27mm";1;"ADR444ARZ";;;
66;"R48";"R_0603_1608Metric_Pad0.98x0.95mm_HandSolder";1;"20K";;;
67;"C69";"C_0603_1608Metric_Pad1.08x0.95mm_HandSolder";1;"470pF";;;
68;"L7,L11";"PDLF";2;"PDLF4000LB";;;
69;"C35";"CP_Elec_10x14.3";1;"1000uF";;;
70;"R83";"R_0603_1608Metric_Pad0.98x0.95mm_HandSolder";1;"18K";;;
71;"R73,R45";"R_0603_1608Metric_Pad0.98x0.95mm_HandSolder";2;"20R";;;
72;"R53";"R_0603_1608Metric_Pad0.98x0.95mm_HandSolder";1;"33K";;;
73;"Q5";"SOT-363_SC-70-6_Handsoldering";1;"2N7002DW";;;
74;"IC10";"SOIC-20W_7.5x12.8mm_P1.27mm";1;"AD630ARZ";;;
75;"IC6";"NCM6";1;"NCM6D0505EC";;;
76;"Q1";"SOT323";1;"RAF040P01TCL";;;
77;"C65";"C_0603_1608Metric_Pad1.08x0.95mm_HandSolder";1;"6.2nF";;;
78;"R52,R86";"R_0603_1608Metric_Pad0.98x0.95mm_HandSolder";2;"51R";;;
79;"IC3";"LQFP-144_20x20mm_P0.5mm";1;"ATSAM3X4EA-AU";;;
80;"IC7";"MSOP-10_3x3mm_P0.5mm";1;" AD7989-1BRMZ";;;
81;"R42";"R_0603_1608Metric_Pad0.98x0.95mm_HandSolder";1;"6.8K";;;
82;"C63";"C_0603_1608Metric_Pad1.08x0.95mm_HandSolder";1;"33pF";;;
83;"R59";"R_0603_1608Metric_Pad0.98x0.95mm_HandSolder";1;"4.22K";;;
84;"IC12";"SOT-23-5";1;"LD3985M25R";;;
85;"IC5";"SOIC-16W_7.5x12.8mm_P1.27mm";1;"ADUM2201ARWZ";;;
