Report Written:,,"Wednesday, November 14, 2018",,,,,,,,
Project Path:,,G:\DesignSpark PCB\Projects\437059A3 Anode PCB\Anode PCB.prj,,,,,,,,
Design Path:,,G:\DesignSpark PCB\Projects\437059A3 Anode PCB\Anode PCB Issue 3.pcb,,,,,,,,
Design Title:,,,,,,,,,,
Created:,,25/08/2016 09:43,,,,,,,,
Last Saved:,,14/11/2018 07:59,,,,,,,,
Editing Time:,,1445 min,,,,,,,,
Units:,,mm (precision 1),,,,,,,,
,,,,,,,,,,
Bill of Materials generated with DesignSpark PCB - www.DesignSpark.com/pcb,,,,,,,,,,
--------------------------------------------------------------------------,,,,,,,,,,
,,,,,,,,,,
,,,,,,,,,,
Ref Name,Jobscope,Qty,Component,Value,Package,Manufacturer,MPN,RS Part Number,Other Part Number,Description
D1,5246389,1,1.5KE12A,,DIOAD2920W106L900D505,STMicroelectronics,1.5KE12A,4864145,,"TVS Diode Uni-Directional 1.5KE12A 21.7V, 1500W, DO-201 2-Pin"
J2,0907320,1,4948928,,SHDR4W100P0X500_1X4_2032X900X1,RS Pro,4948928,4948928,,"4way vertical std PCB screw terminal,5mm 4way vertical std PCB screw terminal,5mm"
J1,0909290,1,5465165,,5465165,RS Pro,5465165,5465165,,"Low profile BNC shield r/a PCB skt,50ohm RS Pro Right Angle 50Ω PCB Mount BNC Connector, jack, Solder Termination Nickel"
R1,4655607,1,W21-1K2JI,,RESAD3510W80L1270D560,WELWYN,W21-1K2JI,4852085,,"WELWYN - W21-1K2JI - RESISTOR, WW 3W 5% 1K2"
R2,4655607,1,W21-1K2JI,,RESAD3510W80L1270D560,WELWYN,W21-1K2JI,4852085,,"WELWYN - W21-1K2JI - RESISTOR, WW 3W 5% 1K2"
