Name,Description,Designator,Quantity,Fitted,Manufacturer 1,Manf 1 Pt No,Manufacturer 2,Manf 2 Pt No,Manufacturer 3,Manf 3 Pt No,Manufacturer 4,Manf 4 Pt No,Compliance,Min Temp,Max Temp

"100NF","CAP CER 0.1UF 16V X7R 0402","C1, C2, C4, C6, C7, C8, C9, C10, C11, C14, C15, C17, C18, C20, C34, C36, C38, C39, C40, C43, C48, C49","22","Fitted","KYOCERA AVX","0402YC104KAT2A","","","","","","","ROHS + REACH","-55","125"
"2.2UF","CAP CER 2.2UF 10V X5R 0402","C3, C5, C13, C19","4","Fitted","SAMSUNG","CL05A225KP5NNNC","MURATA","GRT155R61A225KE01D","YAGEO","CC0402KPX5R6BB225","","","ROHS + REACH","-55","+85"
"1UF","CAP CER 1UF 16V X7R 0603","C12","1","Fitted","YAGEO","CC0603KRX7R7BB105","","","","","","","ROHS + REACH","-55","125"
"22UF","CAP CER 22UF 10V X7R 1206","C16, C21, C35, C37, C45, C46, C47, C55","8","Fitted","SAMSUNG","CL31B226MPHNNNE","","","","","","","ROHS + REACH","-55","+125"
"1000PF","CAP CER 1000PF 2KV X7R 1206","C25","1","Fitted","KYOCERA AVX","1206GC102KAT1A","YAGEO","CC1206KKX7RDBB102","KEMET","C1206C102KGRACAUTO","","","ROHS + REACH","-55","+125"
"DNF","CAP CER 1210 - DNF","C42","1","Fitted","DNF","DNF","","","","","","","","",""
"33PF","CAP CER 33PF 50V C0G/NP0 0402","C44","1","Fitted","KYOCERA AVX","04025A330JAT2A","","","","","","","ROHS + REACH","-55","+125"
"SML-P12MTT86R","LED YELLOW/GREEN CLEAR 0402 SMD","D1","1","Fitted","ROHM","SML-P12MTT86R","","","","","","","ROHS + REACH","-40","+85"
"0603","LED YELLOW CLEAR CHIP SMD","D2","0","Not Fitted","KINGBRIGHT","APT1608YC","","","","","","","ROHS + REACH","-40","+85"
"128x64 OLED","Midas 0.96in White Passive matrix OLED Display 128 x 64pixels COB I2C Interface","DIS1","0","Not Fitted","MIDAS","MDOB128064V2V-WI","","","","","","","ROHS + REACH","-40","+80"
"FIDUCIAL","Fidicual Pad 1.3 Dia","FID1, FID2, FID3","3","Fitted","DNF","DNF","","","","","","","","",""
"ETHERNET 4 PORT 12 MAGNETICS","PULSE XFMR 1 CT:CT TX/RX 360UH","H1","1","Fitted","PULSE","HX5149NL","","","","","","","ROHS + REACH","-40","105"
"M2 NUT","M2 NUT","HW1, HW2, HW3, HW4","4","Fitted","","","","","","","","","","",""
"M2 PLAIN","M2 PLAIN WASHER","HW5, HW9, HW13, HW17","4","Fitted","","","","","","","","","","",""
"M2 SHAKEPROOF","M2 SHAKEPROOF WASHER","HW6, HW10, HW14, HW18","4","Fitted","","","","","","","","","","",""
"M2 SCREW 8MM","M2 SCREW 8MM SLOTTED CHEESEHEAD","HW7, HW11, HW15, HW19","4","Fitted","","","","","","","","","","",""
"M2 2MM SPACER","M2 2MM PLASTIC SPACER","HW8, HW12, HW16, HW20","4","Fitted","","","","","","","","","","",""
"KSZ8081RNAIA","IC TRANSCEIVER FULL 1/1 24QFN","IC1","1","Fitted","MICROCHIP","KSZ8081RNAIA","","","","","","","ROHS + REACH","-40","+85"
"MAX38904B","IC REG LINEAR POS ADJ 2A 14TDFN","IC2","1","Fitted","ANALOG DEVICES","MAX38904BATD+T","","","","","","","ROHS + REACH","-40","125"
"TCA9803","IC TRANSLTR BIDIRECTIONAL 8VSSOP","IC3, IC6","2","Fitted","TEXAS","TCA9803DGKR","","","","","","","ROHS + REACH","-40","125"
"TXV0106QWBQBRQ1","IC TRANSLATION TXRX 3.6V 16WQFN","IC4, IC5","2","Fitted","TEXAS","TXV0106QWBQBRQ1","","","","","","","REACH + ROHS","-40","+125"
"SN74LVC1G04DCKR","IC INVERTER 1CH 1-INP SC70-5","IC7","1","Fitted","TEXAS","SN74LVC1G04DCKR","","","","","","","ROHS + REACH","-40","+125"
"SN74LVC1G125DCK","NON-INVERTING BUFFER WITH 3 STATE CONTROL","IC8","1","Fitted","TEXAS","SN74LVC1G125DCKR","","","","","","","ROHS + REACH","-40","+125"
"SN74LVC2G07","IC BUF NON-INVERT 5.5V SC70-6","IC9, IC10","2","Fitted","TEXAS","SN74LVC2G07DCKR","","","","","","","ROHS + REACH","-40","+125"
"UMC 50R","CONN UMC RCPT STR 50 OHM SMD","J1","1","Fitted","TAOGLAS","RECE.20279.001E.01","","","","","","","ROHS + REACH","-40","+90"
"1UH 1.7A","IND 1UH 1.7A 100MOHM SMD","L3","1","Fitted","MURATA","LQM21PN1R0MGHL","","","","","","","ROHS + REACH","-40","85"
"EM0407_PCB_ISS1","BARE PCB for BOM population","PCB1","1","Fitted","","","","","","","","","","",""
"26W DTYPE STRT","CONN D-SUB HD PLUG 26P VERT SLDR. SINGLE ROW FOR TUMS FLEX","PL1","0","Not Fitted","HARTING","09562617700","","","","","","","ROHS + REACH","-40","+85"
"M2","M2 Fixing Hole 2.5mm Dia PTH","Q1, Q2","2","Fitted","","","","","","","","","","",""
"33R","RES 33R OHM 1% 1/16W 0402","R1, R8, R12","3","Fitted","STACKPOLE","RMCF0402FT33R0","PANASONIC","ERJ-H2RF33R0X","YAGEO","RC0402FR-0733RL","VISHAY","CRCW040233R0FKEDC","ROHS + REACH","-55","155"
"10K","RES 10K OHM 1% 1/16W 0402","R2, R3, R4, R11, R14, R15, R17, R18, R19","9","Fitted","STACKPOLE","RMCF0402FT10K0","PANASONIC","ERJ-2RKF1002X","YAGEO","RC0402FR-0710KL","VISHAY","CRCW040210K0FKEDC","ROHS + REACH","-55","155"
"15K","RES 15K OHM 1% 1/16W 0402","R5","1","Fitted","STACKPOLE","RMCF0402FT15K0","PANASONIC","ERJ-2RKF1502X","YAGEO","RC0402FR-0715KL","VISHAY","CRCW040215K0FKEDC","ROHS + REACH","-55","+155"
"12K","RES 12K OHM 1% 1/16W 0402","R6","1","Fitted","STACKPOLE","RMCF0402FT12K0","PANASONIC","ERJ-2RKF1202X","YAGEO","RC0402FR-0712KL","VISHAY","CRCW040212K0FKEDC","ROHS + REACH","-55","+155"
"6K49","RES 6K49 OHM 1% 1/16W 0402","R7","1","Fitted","STACKPOLE","RMCF0402FT6K49","VISHAY","CRCW04026K49FKEDC","YAGEO","RC0402FR-076K49L","","","ROHS + REACH","-55","155"
"75R","RES 75 OHM 1% 1/16W 0402","R9, R10","2","Fitted","STACKPOLE","RMCF0402FT75R0","PANASONIC","ERJ-2RKF75R0X","YAGEO","RC0402FR-0775RL","VISHAY","CRCW040275R0FKEDC","ROHS + REACH","-55","155"
"4K7","RES 4.7K OHM 1% 1/16W 0402","R13, R16","2","Fitted","STACKPOLE","RMCF0402FT4K70","PANASONIC","ERJ-2RKF4701X","YAGEO","RC0402FR-074K7L","VISHAY","CRCW04024K70FKEDC","ROHS + REACH","-55","+155"
"1K","RES 1K OHM 1% 1/16W 0402","R20, R26","2","Fitted","STACKPOLE","RMCF0402FT1K00","PANASONIC","ERJ-2RKF1001X","YAGEO","RC0402FR-071KL","VISHAY","CRCW04021K00FKEDC","ROHS + REACH","-55","+155"
"330R","RES 330 OHM 1% 1/16W 0402","R21","1","Fitted","STACKPOLE","RMCF0402FT330R","PANASONIC","ERJ-2RKF3300X","YAGEO","RC0402FR-07330RL","VISHAY","CRCW0402330RFKEDC","ROHS + REACH","-55","+155"
"10K","RES 10K OHM 1% 1/16W 0402","R22","0","Not Fitted","STACKPOLE","RMCF0402FT10K0","PANASONIC","ERJ-2RKF1002X","YAGEO","RC0402FR-0710KL","VISHAY","CRCW040210K0FKEDC","ROHS + REACH","-55","155"
"39K","RES 39K OHM 1% 1/16W 0402","R27","1","Fitted","STACKPOLE","RMCF0402FT39K0","PANASONIC","ERJ-2RKF3902X","YAGEO","RC0402FR-0739KL","VISHAY","CRCW040239K0FKEDC","ROHS + REACH","-55","+155"
"33R","RES  ARRAY 4 RES 33 OHM 1206","RP1, RP2","2","Fitted","BOURNS","CAT16-330J4LF","","","","","","","ROHS + REACH","-55","125"
"54132-3062","CONN FFC BOTTOM 30POS 0.5MM R/A MOLEX 54132-3062","SK1","1","Fitted","MOLEX","54132-3062","","","","","","","ROHS + REACH","-20","+85"
"TEST_POINT","TEST POINT","TP1, TP6, TP7","3","Fitted","","","","","","","","","","",""
"TEST_PAD","SM Test Pad - PCB Feature","TP2, TP3, TP4, TP5","4","Fitted","DNF","DNF","","","","","","","","",""
"NINA-W131","RF TXRX MOD ISM>1GHZ WIFISMD","U1","1","Fitted","UBLOX","NINA-W131-04B","","","","","","","ROHS + REACH","-40","+85"
"25MHZ","XTAL OSC XO 25.0000MHZ CMOS SMD","XO1","1","Fitted","ABRACON","ASE-25.000MHZ-L-C-T","CTS","632L3IO025M0000","","","","","ROHS + REACH","-40","+85"
"50MHZ","XTAL OSC XO 50.0000MHZ CMOS SMD","XO2","1","Fitted","ABRACON","ASE-50.000MHZ-L-C-T","CTS","632L3IO050M0000","","","","","ROHS + REACH","-40","+85"
